GM,11/18/2010,35.0,35.99,33.89,34.19,458097664
GM,11/19/2010,34.15,34.5,33.11,34.26,107863184
GM,11/22/2010,34.2,34.48,33.81,34.08,36657280
GM,11/23/2010,33.95,33.99,33.19,33.25,31205504
GM,11/24/2010,33.73,33.8,33.22,33.48,26147936
GM,11/26/2010,33.41,33.81,33.21,33.81,12301246
GM,11/29/2010,33.8,33.81,33.07,33.8,27779600
GM,11/30/2010,33.53,34.25,33.36,34.2,57483408
GM,12/01/2010,34.65,34.95,34.42,34.78,34636720
GM,12/02/2010,34.92,34.98,34.51,34.68,23252032
GM,12/03/2010,34.55,34.6,33.97,34.55,19397104
GM,12/06/2010,34.48,34.78,34.41,34.48,11679340
GM,12/07/2010,34.75,34.89,34.46,34.68,20823728
GM,12/08/2010,34.61,34.73,34.33,34.45,12606031
GM,12/09/2010,34.36,34.43,33.62,33.74,18411072
GM,12/10/2010,33.85,33.99,33.53,33.81,11748582
GM,12/13/2010,33.96,34.05,33.7,33.8,11098316
GM,12/14/2010,33.73,33.92,33.45,33.89,15223980
GM,12/15/2010,33.81,34.01,33.61,33.61,10183633
GM,12/16/2010,33.57,33.86,33.56,33.61,9887418
GM,12/17/2010,33.53,34.0,33.19,34.0,35682192
GM,12/20/2010,33.91,34.05,33.74,33.76,12478176
GM,12/21/2010,33.86,33.94,33.72,33.85,9012934
GM,12/22/2010,33.72,34.95,33.53,34.92,20943968
GM,12/23/2010,34.67,35.52,34.62,34.81,20530864
GM,12/27/2010,34.41,34.89,34.19,34.6,7369559
GM,12/28/2010,35.38,35.67,35.07,35.32,23504032
GM,12/29/2010,35.47,36.3,35.25,36.02,20977856
GM,12/30/2010,36.1,36.98,36.02,36.82,16992768
GM,12/31/2010,36.84,36.96,36.57,36.86,6169578
GM,01/03/2011,37.32,38.0,37.03,37.06,24887520
GM,01/04/2011,37.1,37.99,36.68,37.9,32363328
GM,01/05/2011,37.47,38.3,37.47,38.07,22504704
GM,01/06/2011,38.24,39.48,38.07,38.9,38574800
GM,01/07/2011,38.84,39.33,38.51,38.98,19903440
GM,01/10/2011,39.34,39.36,38.44,38.56,18345008
GM,01/11/2011,38.66,39.43,38.51,38.75,14865844
GM,01/12/2011,38.95,39.37,38.37,38.62,16773867
GM,01/13/2011,38.66,38.71,38.11,38.27,11366758
GM,01/14/2011,38.18,38.47,38.04,38.2,5897148
GM,01/18/2011,38.05,38.33,37.32,38.03,8919039
GM,01/19/2011,37.78,37.9275,37.26,37.4,12667645
GM,01/20/2011,37.11,37.29,36.27,37.18,15845621
GM,01/21/2011,37.33,37.85,36.82,37.24,9548691
GM,01/24/2011,37.71,37.8601,37.03,37.64,12202832
GM,01/25/2011,37.85,38.49,37.71,38.4,12322633
GM,01/26/2011,38.75,38.91,37.86,37.89,11538199
GM,01/27/2011,38.2,38.95,38.03,38.67,13952195
GM,01/28/2011,38.0,38.02,36.01,36.6,37136048
GM,01/31/2011,36.89,37.05,35.89,36.49,13958195
GM,02/01/2011,36.93,37.23,36.13,36.45,28094544
GM,02/02/2011,36.46,36.56,35.58,35.68,17444688
GM,02/03/2011,35.97,36.06,35.13,36.06,19355840
GM,02/04/2011,36.25,36.73,35.89,36.59,11117734
GM,02/07/2011,36.95,37.09,36.61,36.7,7335113
GM,02/08/2011,36.97,37.05,36.4,36.89,6244441
GM,02/09/2011,36.82,36.91,36.28,36.41,6400797
GM,02/10/2011,36.17,36.64,35.52,35.88,11544934
GM,02/11/2011,35.76,36.57,35.55,36.45,13518262
GM,02/14/2011,36.55,36.56,35.47,36.29,7124094
GM,02/15/2011,36.19,36.41,35.8,36.11,10336656
GM,02/16/2011,36.11,36.84,36.02,36.75,8682406
GM,02/17/2011,36.55,36.7,36.3,36.37,7464254
GM,02/18/2011,36.42,36.76,36.38,36.51,6818766
GM,02/22/2011,35.86,36.15,35.45,35.77,13944805
GM,02/23/2011,35.85,35.94,33.8,34.59,28209328
GM,02/24/2011,34.9,35.0,32.05,33.02,63562768
GM,02/25/2011,33.67,34.2,33.05,33.25,29027040
GM,02/28/2011,33.49,33.74,32.86,33.53,15891492
GM,03/01/2011,33.69,33.75,32.4295,32.95,27329760
GM,03/02/2011,32.9,33.17,32.59,32.88,14307500
GM,03/03/2011,33.03,33.17,32.65,33.03,17614928
GM,03/04/2011,33.07,33.079,32.01,32.39,24246864
GM,03/07/2011,32.35,32.5,31.52,31.7,15083555
GM,03/08/2011,31.74,32.82,31.69,32.72,14545020
GM,03/09/2011,32.74,32.7586,32.1,32.25,11227891
GM,03/10/2011,31.47,31.7768,30.95,31.42,38336480
GM,03/11/2011,31.25,32.055,31.24,31.93,14024945
GM,03/14/2011,32.14,32.3,31.43,31.59,9981422
GM,03/15/2011,30.98,32.49,30.65,32.35,21478016
GM,03/16/2011,32.42,32.53,31.4,31.78,14158789
GM,03/17/2011,32.18,32.39,31.33,31.44,11032105
GM,03/18/2011,31.74,31.95,31.4202,31.85,9861402
GM,03/21/2011,32.24,32.3,31.23,31.28,13196480
GM,03/22/2011,31.28,31.35,30.51,30.74,16995712
GM,03/23/2011,30.6,31.28,30.2,31.16,23026192
GM,03/24/2011,31.32,31.6,31.24,31.39,15745465
GM,03/25/2011,31.49,31.7,31.09,31.47,15245008
GM,03/28/2011,31.58,31.58,30.85,30.85,10308109
GM,03/29/2011,30.93,31.17,30.68,31.1,9766598
GM,03/30/2011,31.16,31.64,31.04,31.55,7661527
GM,03/31/2011,31.4,31.55,31.0,31.03,8982434
GM,04/01/2011,31.39,32.63,30.84,32.41,29888896
GM,04/04/2011,32.5,32.72,32.2,32.39,12333930
GM,04/05/2011,32.32,32.87,32.1,32.87,10109656
GM,04/06/2011,33.0,33.28,32.52,32.87,8164883
GM,04/07/2011,32.84,32.84,32.07,32.31,11245422
GM,04/08/2011,32.4,32.75,31.325,31.52,16063594
GM,04/11/2011,31.34,31.45,30.55,30.77,15180945
GM,04/12/2011,30.4,31.34,30.1,31.15,19650400
GM,04/13/2011,31.23,31.32,30.59,30.86,13785355
GM,04/14/2011,30.65,30.86,30.35,30.58,9053801
GM,04/15/2011,30.59,30.72,30.18,30.24,9888004
GM,04/18/2011,30.06,30.34,29.9,29.97,12752023
GM,04/19/2011,29.81,29.91,29.17,29.59,19918672
GM,04/20/2011,29.76,30.38,29.42,29.93,22044896
GM,04/21/2011,30.05,31.0,30.01,30.95,18938256
GM,04/25/2011,31.0,31.19,30.32,31.14,15437316
GM,04/26/2011,31.39,31.51,30.96,31.27,15690043
GM,04/27/2011,31.47,31.79,31.28,31.78,14947258
GM,04/28/2011,31.76,32.095,31.48,31.91,15811273
GM,04/29/2011,31.99,32.58,31.91,32.09,13774598
GM,05/02/2011,32.41,32.5,31.92,32.18,11014734
GM,05/03/2011,32.38,33.2,32.36,32.99,29894832
GM,05/04/2011,33.16,33.47,32.71,33.04,20501600
GM,05/05/2011,32.06,32.68,31.49,32.02,26633968
GM,05/06/2011,32.5,32.6,31.84,31.91,12805590
GM,05/09/2011,31.74,32.065,31.36,31.39,10721230
GM,05/10/2011,31.47,31.64,31.33,31.61,7843449
GM,05/11/2011,31.57,31.8629,31.11,31.3,9079395
GM,05/12/2011,31.07,31.6,30.93,31.42,14134285
GM,05/13/2011,31.46,31.54,30.85,31.07,10837516
GM,05/16/2011,31.25,31.5,31.08,31.1,7299434
GM,05/17/2011,31.06,31.38,30.83,31.1,11178539
GM,05/18/2011,31.07,31.62,31.0,31.52,9953762
GM,05/19/2011,31.53,31.79,31.31,31.47,9580977
GM,05/20/2011,31.36,31.5,31.1,31.18,7225375
GM,05/23/2011,30.68,31.16,30.5,30.96,8977520
GM,05/24/2011,31.13,31.2,30.5,30.83,8779516
GM,05/25/2011,30.56,31.38,30.5,31.27,14392391
GM,05/26/2011,31.08,31.1,30.52,30.68,12246762
GM,05/27/2011,30.77,31.48,30.59,31.28,9114590
GM,05/31/2011,31.44,31.87,31.13,31.81,22943056
GM,06/01/2011,31.7,31.7,30.15,30.23,19134784
GM,06/02/2011,30.33,30.56,29.4,29.6,22450752
GM,06/03/2011,29.28,29.56,28.9,29.12,21971536
GM,06/06/2011,29.02,29.4106,28.55,28.56,13418855
GM,06/07/2011,28.89,29.04,28.39,28.78,15276191
GM,06/08/2011,28.52,29.34,28.4,28.86,16534816
GM,06/09/2011,29.2,29.58,28.91,29.45,13593824
GM,06/10/2011,29.3,29.3,28.65,28.85,11734336
GM,06/13/2011,28.9,29.08,28.29,28.59,9792672
GM,06/14/2011,28.92,29.49,28.86,29.11,10949281
GM,06/15/2011,28.77,29.11,28.64,28.95,11671172
GM,06/16/2011,28.7,28.99,28.165,28.59,14083602
GM,06/17/2011,28.73,29.06,28.57,29.0,16733520
GM,06/20/2011,28.87,29.595,28.77,29.52,9038340
GM,06/21/2011,29.51,30.0,29.43,29.59,12652184
GM,06/22/2011,29.62,30.18,29.5,29.97,15523242
GM,06/23/2011,29.53,30.2,29.32,30.14,13786012
GM,06/24/2011,30.15,30.3,29.66,29.92,50062256
GM,06/27/2011,29.79,30.46,29.6,30.26,15348816
GM,06/28/2011,30.21,30.79,30.18,30.5,12698387
GM,06/29/2011,30.79,30.79,30.25,30.3,12717000
GM,06/30/2011,30.3,30.56,30.22,30.36,18656096
GM,07/01/2011,30.35,30.86,29.92,30.58,18098512
GM,07/05/2011,30.87,31.36,30.58,30.86,8837219
GM,07/06/2011,31.37,31.68,31.09,31.19,14231629
GM,07/07/2011,31.79,32.08,31.65,31.8,13339488
GM,07/08/2011,31.25,31.7,31.16,31.58,9873180
GM,07/11/2011,30.98,31.2,30.55,30.75,8377621
GM,07/12/2011,30.24,30.94,30.02,30.68,10536793
GM,07/13/2011,30.87,31.3,30.61,30.75,8093402
GM,07/14/2011,30.85,30.97,30.03,30.1,10801543
GM,07/15/2011,30.39,30.62,29.515,29.76,10402145
GM,07/18/2011,29.57,29.65,28.62,29.1,13851051
GM,07/19/2011,29.2,29.49,28.76,29.33,10285223
GM,07/20/2011,29.45,29.48,29.05,29.24,6997863
GM,07/21/2011,29.39,30.02,29.16,29.96,12229965
GM,07/22/2011,29.97,30.29,29.88,30.1,7820074
GM,07/25/2011,29.53,29.84,29.39,29.5,8691406
GM,07/26/2011,29.67,29.7,28.96,29.09,9269574
GM,07/27/2011,28.9,29.0,28.03,28.14,14554750
GM,07/28/2011,28.22,28.9,28.02,28.1,11036023
GM,07/29/2011,27.62,28.1,27.31,27.68,12185406
GM,08/01/2011,28.88,28.88,27.7,28.07,12825594
GM,08/02/2011,27.75,28.09,27.02,27.05,18226144
GM,08/03/2011,27.03,27.17,26.13,27.17,15795367
GM,08/04/2011,27.16,27.2,25.71,25.99,38839440
GM,08/05/2011,26.07,26.46,24.49,26.31,34926080
GM,08/08/2011,24.61,25.35,23.79,24.57,32608640
GM,08/09/2011,25.09,25.56,24.0,25.54,26704592
GM,08/10/2011,24.66,25.0,23.83,23.92,20650832
GM,08/11/2011,24.11,26.17,24.11,25.81,25182992
GM,08/12/2011,26.3,26.5,25.49,25.75,18861552
GM,08/15/2011,26.03,26.54,25.79,26.42,12995801
GM,08/16/2011,26.22,26.69,25.69,25.83,10147367
GM,08/17/2011,26.0,26.09,24.9,24.94,12063012
GM,08/18/2011,23.99,24.08,23.27,23.6,15863992
GM,08/19/2011,23.25,23.44,21.71,22.16,34432816
GM,08/22/2011,22.54,22.72,21.18,21.71,27158688
GM,08/23/2011,21.78,22.06,21.21,22.06,20008384
GM,08/24/2011,21.89,22.39,21.57,22.37,14527340
GM,08/25/2011,22.49,22.74,22.1,22.3,11099867
GM,08/26/2011,22.2,23.08,21.8,22.87,10277996
GM,08/29/2011,23.3,23.96,23.27,23.79,10648684
GM,08/30/2011,23.46,23.74,23.05,23.58,8145484
GM,08/31/2011,23.87,24.49,23.83,24.03,12330895
GM,09/01/2011,24.09,24.25,22.905,23.03,16930336
GM,09/02/2011,22.41,22.55,21.73,22.07,14086824
GM,09/06/2011,21.36,21.58,20.88,21.44,14286578
GM,09/07/2011,21.82,23.04,21.82,22.86,13412141
GM,09/08/2011,22.79,23.13,22.24,22.48,11786363
GM,09/09/2011,22.36,22.45,21.47,21.76,11920535
GM,09/12/2011,21.15,21.95,21.0,21.87,9326113
GM,09/13/2011,21.87,22.33,21.5,22.0,11189680
GM,09/14/2011,22.22,22.49,21.62,22.18,11628078
GM,09/15/2011,22.59,22.79,22.15,22.7,8039156
GM,09/16/2011,22.68,22.77,22.34,22.61,7938539
GM,09/19/2011,22.15,23.17,22.05,23.05,14083852
GM,09/20/2011,23.05,23.1,22.42,22.43,9508996
GM,09/21/2011,22.39,22.7,21.22,21.28,9851527
GM,09/22/2011,20.59,20.99,20.04,20.24,17287424
GM,09/23/2011,19.77,21.28,19.77,21.0,13722359
GM,09/26/2011,21.315,21.44,20.53,21.08,8504246
GM,09/27/2011,21.6,21.8295,21.08,21.19,11170902
GM,09/28/2011,21.2,21.44,20.37,20.41,10120883
GM,09/29/2011,20.72,20.97,20.115,20.76,10782902
GM,09/30/2011,20.44,20.5,20.1,20.18,10155949
GM,10/03/2011,20.13,20.9,19.65,19.73,13952063
GM,10/04/2011,19.45,21.46,19.05,21.42,23843168
GM,10/05/2011,21.33,22.29,20.76,22.27,17155984
GM,10/06/2011,22.3,22.6,21.75,22.35,13553793
GM,10/07/2011,22.58,22.93,21.82,22.01,14477703
GM,10/10/2011,22.51,22.965,22.36,22.62,11301160
GM,10/11/2011,22.43,22.69,22.28,22.5,10258984
GM,10/12/2011,22.94,23.9695,22.86,23.41,17304624
GM,10/13/2011,23.38,23.38,22.5,23.15,9858512
GM,10/14/2011,23.68,24.16,23.36,24.16,14754324
GM,10/17/2011,24.17,24.19,23.15,23.18,8634066
GM,10/18/2011,23.19,23.87,22.77,23.54,14135988
GM,10/19/2011,23.52,23.55,22.96,23.09,7602504
GM,10/20/2011,23.02,23.18,22.51,22.96,9488594
GM,10/21/2011,23.4,24.38,23.2,24.35,12355145
GM,10/24/2011,24.28,25.24,24.25,24.98,13534172
GM,10/25/2011,24.86,25.19,24.16,24.86,11385578
GM,10/26/2011,25.02,25.28,24.69,24.99,17497488
GM,10/27/2011,25.87,26.47,25.2,26.32,18413008
GM,10/28/2011,26.22,26.55,26.0,26.45,10728500
GM,10/31/2011,25.92,26.16,25.61,25.85,8855656
GM,11/01/2011,24.82,24.9,23.25,23.33,25371136
GM,11/02/2011,23.7,23.73,22.92,23.2,14368637
GM,11/03/2011,23.82,24.115,22.76,24.03,19954576
GM,11/04/2011,23.89,23.92,23.31,23.61,9454059
GM,11/07/2011,23.93,24.15,23.52,24.01,9804902
GM,11/08/2011,24.2,25.17,23.98,25.04,19891744
GM,11/09/2011,23.07,23.57,22.15,22.31,32918208
GM,11/10/2011,22.44,22.85,21.93,22.7,15867500
GM,11/11/2011,22.95,23.1,22.22,22.51,15439418
GM,11/14/2011,22.56,23.29,22.51,22.99,13433508
GM,11/15/2011,22.81,23.53,22.6,23.35,13868586
GM,11/16/2011,23.24,23.35,22.62,22.65,9302828
GM,11/17/2011,22.72,22.75,21.56,21.79,12693836
GM,11/18/2011,22.01,22.18,21.62,21.68,6593809
GM,11/21/2011,21.1,21.18,20.54,21.05,11760238
GM,11/22/2011,20.92,21.12,20.7,20.73,7290516
GM,11/23/2011,20.48,20.69,20.06,20.24,9594465
GM,11/25/2011,20.22,20.71,20.21,20.34,2757591
GM,11/28/2011,20.95,21.43,20.65,20.74,8959473
GM,11/29/2011,20.73,20.85,20.3,20.31,7666199
GM,11/30/2011,21.02,21.31,20.94,21.29,11152941
GM,12/01/2011,21.24,21.77,20.93,20.96,12128434
GM,12/02/2011,21.35,21.73,21.13,21.28,9781496
GM,12/05/2011,21.52,21.99,21.43,21.59,9812371
GM,12/06/2011,21.6,21.875,21.28,21.68,10668824
GM,12/07/2011,21.62,22.11,21.48,21.94,9194797
GM,12/08/2011,21.76,21.76,20.85,20.98,11511836
GM,12/09/2011,21.09,21.4,21.06,21.15,6497418
GM,12/12/2011,20.66,20.9,20.56,20.8,6281578
GM,12/13/2011,20.96,21.0,19.95,20.11,12652180
GM,12/14/2011,19.95,20.01,19.42,19.47,15055117
GM,12/15/2011,19.76,20.215,19.51,20.1,10158398
GM,12/16/2011,20.16,20.52,19.97,20.15,9117230
GM,12/19/2011,20.12,20.23,19.0,19.05,15608875
GM,12/20/2011,19.42,19.9,19.35,19.69,13953488
GM,12/21/2011,19.74,20.435,19.58,20.32,13055672
GM,12/22/2011,20.25,20.85,20.17,20.7,7288094
GM,12/23/2011,20.81,20.89,20.45,20.5,6482023
GM,12/27/2011,20.43,20.43,20.08,20.09,5866184
GM,12/28/2011,20.08,20.13,19.76,19.86,7116125
GM,12/29/2011,19.85,20.25,19.71,20.21,6891367
GM,12/30/2011,20.12,20.37,20.05,20.27,6972559
GM,01/03/2012,20.83,21.18,20.75,21.05,9321422
GM,01/04/2012,21.05,21.37,20.75,21.15,7856754
GM,01/05/2012,21.1,22.29,20.96,22.17,17884032
GM,01/06/2012,22.26,23.03,22.24,22.92,18234608
GM,01/09/2012,23.2,23.43,22.7,22.84,12091715
GM,01/10/2012,23.22,23.4,22.775,23.24,13538355
GM,01/11/2012,23.37,24.6399,23.34,24.47,21946960
GM,01/12/2012,24.35,24.82,23.76,24.67,16751371
GM,01/13/2012,24.27,24.65,23.91,24.29,12964715
GM,01/17/2012,24.6,24.68,24.165,24.2,9385883
GM,01/18/2012,24.27,24.58,24.02,24.51,8919871
GM,01/19/2012,24.69,24.98,24.45,24.82,15226578
GM,01/20/2012,24.93,25.11,24.84,25.0,9896707
GM,01/23/2012,25.14,25.25,24.79,24.92,8924152
GM,01/24/2012,24.84,24.93,24.5,24.79,8351973
GM,01/25/2012,24.89,25.01,24.38,24.92,13441672
GM,01/26/2012,25.1,25.5,24.6,24.72,11586148
GM,01/27/2012,23.8,24.54,23.33,24.37,14784746
GM,01/30/2012,24.06,24.57,23.95,24.23,6322918
GM,01/31/2012,24.53,24.59,23.95,24.02,9193250
GM,02/01/2012,24.33,24.58,24.07,24.37,13337406
GM,02/02/2012,24.65,24.69,24.3,24.31,6670813
GM,02/03/2012,25.0,26.44,24.79,26.18,25528032
GM,02/06/2012,26.47,26.83,25.95,26.7,17265856
GM,02/07/2012,26.62,26.62,26.15,26.22,10767371
GM,02/08/2012,26.31,26.42,25.58,25.75,17524208
GM,02/09/2012,25.96,26.22,25.5,25.74,7440523
GM,02/10/2012,25.48,25.52,25.25,25.5,9819059
GM,02/13/2012,26.0,26.0,25.21,25.34,10504188
GM,02/14/2012,25.21,25.45,25.0,25.4,9887902
GM,02/15/2012,25.73,25.7541,24.9,24.93,13328941
GM,02/16/2012,25.29,27.26,25.27,27.17,35328448
GM,02/17/2012,27.17,27.68,27.01,27.34,17606464
GM,02/21/2012,27.3,27.545,26.99,27.06,8593172
GM,02/22/2012,27.08,27.13,26.53,26.55,10694512
GM,02/23/2012,26.69,27.265,26.26,26.79,10300887
GM,02/24/2012,26.9,26.95,26.06,26.07,9405203
GM,02/27/2012,26.07,26.55,25.565,26.46,8602512
GM,02/28/2012,26.49,26.53,26.1,26.14,7547469
GM,02/29/2012,26.07,26.55,25.92,26.02,12038621
GM,03/01/2012,26.19,26.8,26.15,26.47,8898152
GM,03/02/2012,26.55,26.75,26.36,26.45,8465652
GM,03/05/2012,26.27,26.4,25.8,26.0,7650457
GM,03/06/2012,25.31,25.34,24.381,24.58,19072496
GM,03/07/2012,24.75,25.21,24.75,24.88,6888723
GM,03/08/2012,25.37,25.59,25.1,25.4501,8646605
GM,03/09/2012,25.7,25.82,25.39,25.62,6323563
GM,03/12/2012,25.62,25.71,25.15,25.39,4006397
GM,03/13/2012,25.48,26.1,25.33,26.07,8361199
GM,03/14/2012,26.13,26.59,26.0,26.32,9082523
GM,03/15/2012,26.37,26.58,25.88,26.05,10133684
GM,03/16/2012,26.07,26.07,25.26,25.57,11752664
GM,03/19/2012,25.5,25.7,25.24,25.39,5463395
GM,03/20/2012,25.1,25.42,24.6,25.09,10819371
GM,03/21/2012,25.17,25.49,25.1,25.29,6122770
GM,03/22/2012,25.01,25.26,24.87,25.05,5605738
GM,03/23/2012,25.04,25.32,24.77,25.17,5802727
GM,03/26/2012,25.23,25.63,25.14,25.58,7957641
GM,03/27/2012,25.42,25.85,25.34,25.35,6632449
GM,03/28/2012,25.41,25.48,25.02,25.15,5161973
GM,03/29/2012,25.02,25.37,24.94,25.31,6433809
GM,03/30/2012,25.49,25.78,25.1097,25.65,6038887
GM,04/02/2012,26.03,26.91,25.98,26.76,14472891
GM,04/03/2012,26.64,27.03,25.27,25.54,26415520
GM,04/04/2012,25.1,25.4,24.9,25.1,9786137
GM,04/05/2012,24.99,25.18,24.61,24.81,8211238
GM,04/09/2012,24.22,24.4,24.03,24.2,7250355
GM,04/10/2012,24.11,24.14,23.29,23.71,11856285
GM,04/11/2012,23.84,24.28,23.82,24.03,9262254
GM,04/12/2012,24.05,24.49,24.0,24.3,5042816
GM,04/13/2012,24.22,24.29,23.62,23.8,7311805
GM,04/16/2012,23.78,23.93,23.355,23.42,7528453
GM,04/17/2012,23.59,24.54,23.55,24.04,10259797
GM,04/18/2012,23.87,24.29,23.75,24.15,6253770
GM,04/19/2012,24.09,24.87,23.87,24.01,11207484
GM,04/20/2012,24.06,24.06,23.52,23.6,12948387
GM,04/23/2012,23.17,23.3,22.9,22.95,16189309
GM,04/24/2012,23.02,23.4,22.88,22.89,8683672
GM,04/25/2012,23.15,23.36,22.89,23.31,5549273
GM,04/26/2012,23.16,23.75,23.16,23.72,8132945
GM,04/27/2012,23.81,24.09,23.34,23.53,10016883
GM,04/30/2012,23.38,23.49,22.8,23.0,8279242
GM,05/01/2012,23.04,23.475,22.6,23.31,10152762
GM,05/02/2012,23.19,23.25,22.63,22.93,14485852
GM,05/03/2012,23.13,23.19,22.19,22.37,22816976
GM,05/04/2012,22.2,22.41,21.82,22.36,14830973
GM,05/07/2012,21.87,22.5,21.85,22.41,7853457
GM,05/08/2012,22.25,22.35,21.87,22.23,9318469
GM,05/09/2012,21.88,22.8,21.85,22.44,9813434
GM,05/10/2012,22.69,22.89,22.335,22.37,7235031
GM,05/11/2012,22.0,22.535,21.98,22.0,8045621
GM,05/14/2012,21.75,21.965,21.6,21.63,9665395
GM,05/15/2012,21.57,21.83,21.34,21.42,7410438
GM,05/16/2012,22.05,22.618,21.85,21.91,13640406
GM,05/17/2012,21.94,22.27,21.55,21.61,12135191
GM,05/18/2012,21.54,21.69,21.09,21.18,7533105
GM,05/21/2012,21.34,21.68,21.26,21.54,6296199
GM,05/22/2012,21.71,21.9,21.34,21.5,7021773
GM,05/23/2012,21.33,22.2,21.32,22.13,8340430
GM,05/24/2012,21.98,22.13,21.82,22.04,5093367
GM,05/25/2012,22.04,22.46,22.0,22.44,5661961
GM,05/29/2012,22.62,22.93,22.59,22.85,9790926
GM,05/30/2012,22.5,22.5,21.98,22.37,7369441
GM,05/31/2012,22.26,22.41,22.0,22.2,6010238
GM,06/01/2012,21.65,23.34,21.45,22.01,29622192
GM,06/04/2012,22.01,22.04,20.66,21.11,15425254
GM,06/05/2012,20.98,21.47,20.97,21.25,5646480
GM,06/06/2012,21.43,21.94,21.34,21.83,6122992
GM,06/07/2012,22.11,22.38,21.76,21.85,5951125
GM,06/08/2012,21.85,22.09,21.5,22.05,4259051
GM,06/11/2012,22.28,22.3,21.9,21.92,6050801
GM,06/12/2012,21.92,22.2,21.68,22.17,6100137
GM,06/13/2012,22.04,22.17,21.74,21.87,8588012
GM,06/14/2012,21.84,21.99,21.58,21.8,4535234
GM,06/15/2012,21.76,21.81,21.42,21.74,5714285
GM,06/18/2012,21.54,21.72,21.38,21.43,6394863
GM,06/19/2012,21.43,22.0,21.4,21.74,7769398
GM,06/20/2012,21.78,21.819,21.28,21.48,8589242
GM,06/21/2012,21.45,21.5,20.6,20.64,9193676
GM,06/22/2012,20.95,20.95,20.46,20.6,6987223
GM,06/25/2012,20.32,20.39,19.91,19.91,9975633
GM,06/26/2012,19.94,20.04,19.62,19.85,8922953
GM,06/27/2012,19.83,19.98,19.62,19.66,8316219
GM,06/28/2012,19.64,19.92,19.49,19.82,11226176
GM,06/29/2012,20.0,20.0,19.24,19.72,13454770
GM,07/02/2012,19.7,19.74,19.3,19.57,6310754
GM,07/03/2012,19.8,21.12,19.67,20.67,10718758
GM,07/05/2012,20.75,21.21,20.54,20.54,8076418
GM,07/06/2012,20.35,20.6,20.05,20.31,6512984
GM,07/09/2012,20.21,20.4,20.05,20.22,5520313
GM,07/10/2012,20.25,20.48,19.73,19.8,9807766
GM,07/11/2012,19.75,20.01,19.6,19.9,6672883
GM,07/12/2012,19.61,19.77,19.225,19.33,14116914
GM,07/13/2012,19.33,19.71,19.27,19.62,7474688
GM,07/16/2012,19.47,19.55,19.23,19.38,9066426
GM,07/17/2012,19.55,19.6,19.3,19.6,7951109
GM,07/18/2012,19.62,20.21,19.57,20.07,8770371
GM,07/19/2012,20.12,20.345,20.07,20.14,6855617
GM,07/20/2012,20.02,20.16,19.33,19.36,8800992
GM,07/23/2012,19.09,19.36,18.85,19.3,8766836
GM,07/24/2012,19.25,19.38,18.85,19.02,8203266
GM,07/25/2012,19.1,19.13,18.72,18.8,6778246
GM,07/26/2012,19.02,19.15,18.75,19.11,5577777
GM,07/27/2012,19.14,19.69,19.07,19.67,6804355
GM,07/30/2012,19.55,19.65,19.3,19.36,4219176
GM,07/31/2012,19.46,19.77,19.37,19.71,5608309
GM,08/01/2012,19.78,20.58,19.43,19.66,14832680
GM,08/02/2012,19.59,20.06,18.93,19.14,10881246
GM,08/03/2012,19.26,20.1,19.25,20.04,9394898
GM,08/06/2012,20.05,20.1,19.76,19.85,6206055
GM,08/07/2012,19.92,20.52,19.92,20.42,9577637
GM,08/08/2012,20.14,20.45,20.05,20.38,4703047
GM,08/09/2012,20.37,20.82,20.21,20.65,6653547
GM,08/10/2012,20.52,20.7,20.31,20.54,3903418
GM,08/13/2012,20.52,20.8,20.36,20.47,4027069
GM,08/14/2012,20.63,20.79,20.1,20.21,7681035
GM,08/15/2012,20.21,20.36,19.98,20.14,6498559
GM,08/16/2012,20.12,21.46,20.12,21.33,14410922
GM,08/17/2012,21.35,22.14,21.34,22.01,17952288
GM,08/20/2012,21.75,22.02,21.66,21.87,6615742
GM,08/21/2012,21.95,22.065,21.52,21.63,6545152
GM,08/22/2012,21.58,21.75,21.14,21.73,7180473
GM,08/23/2012,21.61,21.61,21.225,21.34,8960469
GM,08/24/2012,21.21,21.36,21.07,21.18,5443234
GM,08/27/2012,21.2,21.37,21.0,21.22,6216332
GM,08/28/2012,21.0,21.25,20.91,20.94,5784598
GM,08/29/2012,20.9,21.64,20.86,21.3,9624980
GM,08/30/2012,21.25,21.26,21.02,21.11,3882797
GM,08/31/2012,21.3,21.48,21.105,21.35,5826125
GM,09/04/2012,21.25,21.5,21.02,21.31,7505301
GM,09/05/2012,21.22,21.76,21.02,21.76,7932977
GM,09/06/2012,21.79,22.73,21.75,22.45,12486609
GM,09/07/2012,22.55,23.42,22.54,23.37,12908742
GM,09/10/2012,23.28,23.4199,22.94,22.98,8158172
GM,09/11/2012,22.98,23.25,22.88,22.97,5442688
GM,09/12/2012,23.14,23.33,23.05,23.13,5200996
GM,09/13/2012,23.05,23.68,22.82,23.53,9479941
GM,09/14/2012,23.69,24.33,23.63,24.14,11882250
GM,09/17/2012,23.92,23.95,23.73,23.8,6100059
GM,09/18/2012,24.29,24.45,24.02,24.43,11309398
GM,09/19/2012,24.36,25.15,24.32,24.75,16033551
GM,09/20/2012,24.34,24.54,23.91,24.42,7415691
GM,09/21/2012,24.54,24.89,24.5,24.8,12218754
GM,09/24/2012,24.51,24.68,24.12,24.36,5689590
GM,09/25/2012,24.43,24.5,23.28,23.52,10327027
GM,09/26/2012,23.25,23.73,22.85,23.39,8329551
GM,09/27/2012,23.67,23.7,23.14,23.18,6843379
GM,09/28/2012,23.0,23.1,22.7072,22.75,8614691
GM,10/01/2012,23.0,23.41,22.85,23.09,7583578
GM,10/02/2012,23.5,24.1,22.67,23.68,21403392
GM,10/03/2012,23.71,24.605,23.66,24.39,14739379
GM,10/04/2012,24.55,24.67,24.32,24.65,8693652
GM,10/05/2012,24.88,25.43,24.57,24.8,14252180
GM,10/08/2012,24.79,24.81,24.51,24.57,6250098
GM,10/09/2012,24.74,24.8584,24.265,24.37,7209906
GM,10/10/2012,24.41,24.58,24.1,24.23,6049246
GM,10/11/2012,24.41,24.9901,24.23,24.66,8771605
GM,10/12/2012,24.56,24.83,24.33,24.44,4230207
GM,10/15/2012,24.51,24.58,24.33,24.48,5114227
GM,10/16/2012,24.52,24.85,24.41,24.79,4252043
GM,10/17/2012,24.9,25.13,24.6,25.06,6002609
GM,10/18/2012,25.09,25.72,24.96,25.56,9762844
GM,10/19/2012,25.43,25.5,24.55,24.59,10454242
GM,10/22/2012,24.56,24.85,24.275,24.62,7068141
GM,10/23/2012,24.07,24.1,23.73,23.87,8196121
GM,10/24/2012,24.15,24.27,23.66,23.69,6230781
GM,10/25/2012,23.98,24.27,23.58,23.63,11877785
GM,10/26/2012,23.61,23.9,23.19,23.28,10147590
GM,10/31/2012,24.3,25.72,23.895,25.5,24707696
GM,11/01/2012,25.53,25.85,24.91,25.68,14562082
GM,11/02/2012,25.81,25.99,25.55,25.79,9920746
GM,11/05/2012,25.44,25.99,25.35,25.57,7681996
GM,11/06/2012,25.59,26.27,25.45,26.19,10888598
GM,11/07/2012,25.64,25.67,24.92,25.03,11106289
GM,11/08/2012,25.22,25.5,24.7,24.72,5240773
GM,11/09/2012,24.38,25.28,24.38,25.04,7648965
GM,11/12/2012,25.05,25.38,25.05,25.26,5297082
GM,11/13/2012,24.89,25.18,24.75,24.82,9697879
GM,11/14/2012,24.93,24.99,24.1,24.17,9587988
GM,11/15/2012,24.18,24.19,23.541,23.88,9371645
GM,11/16/2012,23.92,23.98,23.39,23.85,9647914
GM,11/19/2012,24.27,24.94,24.13,24.93,7996781
GM,11/20/2012,24.9,24.94,24.38,24.6,6578629
GM,11/21/2012,24.57,24.97,24.43,24.6,4908133
GM,11/23/2012,24.96,25.42,24.86,25.21,4595863
GM,11/26/2012,25.17,25.41,24.95,25.23,6460371
GM,11/27/2012,25.14,25.35,25.0,25.01,5822652
GM,11/28/2012,24.69,25.3,24.64,25.28,5313625
GM,11/29/2012,25.61,26.24,25.51,26.09,10013547
GM,11/30/2012,25.89,26.17,25.58,25.88,6539563
GM,12/03/2012,26.06,26.355,25.46,25.51,11333078
GM,12/04/2012,25.34,25.5,24.52,25.41,12633813
GM,12/05/2012,25.37,25.6,24.94,25.0,7655660
GM,12/06/2012,24.91,25.0,24.46,24.57,9708813
GM,12/07/2012,24.76,25.21,24.57,25.19,9060203
GM,12/10/2012,25.06,25.41,25.04,25.28,5931805
GM,12/11/2012,25.31,25.5,25.11,25.45,5709242
GM,12/12/2012,25.54,26.065,25.44,25.63,8395469
GM,12/13/2012,25.56,25.83,24.9,25.12,7737715
GM,12/14/2012,25.08,25.11,24.4,24.61,9661309
GM,12/17/2012,24.67,24.9,24.65,24.85,7130996
GM,12/18/2012,24.98,25.54,24.8,25.49,9592645
GM,12/19/2012,27.44,27.905,26.86,27.18,54877824
GM,12/20/2012,27.0,27.48,26.87,27.34,15768809
GM,12/21/2012,26.74,27.38,26.54,27.32,8774684
GM,12/24/2012,27.31,27.74,27.31,27.66,4878270
GM,12/26/2012,27.63,27.95,27.49,27.62,7006109
GM,12/27/2012,27.74,27.99,27.425,27.96,9431121
GM,12/28/2012,27.66,27.94,27.55,27.85,5133473
GM,12/31/2012,27.76,28.9,27.62,28.83,13244195
GM,01/02/2013,29.41,29.5,28.63,29.13,15607785
GM,01/03/2013,29.05,30.23,28.84,29.82,22904960
GM,01/04/2013,29.74,29.86,29.23,29.86,8067246
GM,01/07/2013,29.64,29.86,29.3,29.66,8385586
GM,01/08/2013,29.66,29.85,29.05,29.37,10435211
GM,01/09/2013,29.58,30.28,29.56,29.97,13342391
GM,01/10/2013,30.28,30.45,29.78,30.44,12116684
GM,01/11/2013,30.38,30.6,30.11,30.36,6870332
GM,01/14/2013,30.15,30.39,29.89,30.33,6634633
GM,01/15/2013,30.11,30.68,29.95,30.6,7500211
GM,01/16/2013,29.57,29.73,28.83,29.31,28301360
GM,01/17/2013,29.48,29.65,29.19,29.49,12065395
GM,01/18/2013,29.44,29.53,28.875,29.28,9995254
GM,01/22/2013,29.19,29.27,28.38,28.63,18539840
GM,01/23/2013,28.58,28.84,26.62,28.57,11356484
GM,01/24/2013,28.59,28.975,28.3502,28.78,8399984
GM,01/25/2013,28.96,29.16,28.87,29.07,10258395
GM,01/28/2013,29.05,29.15,28.61,28.83,7038484
GM,01/29/2013,28.8,28.82,28.1571,28.45,13061762
GM,01/30/2013,28.28,28.65,27.77,27.94,11230879
GM,01/31/2013,27.8,28.14,27.61,28.09,8686902
GM,02/01/2013,28.39,28.5,28.08,28.17,10713723
GM,02/04/2013,27.89,28.2,27.88,27.96,6511766
GM,02/05/2013,28.03,28.6,28.03,28.59,11097469
GM,02/06/2013,28.35,28.6,28.22,28.52,7010402
GM,02/07/2013,28.68,28.91,28.03,28.47,10493430
GM,02/08/2013,28.54,28.73,28.5,28.57,6317344
GM,02/11/2013,28.51,28.65,28.35,28.53,5589828
GM,02/12/2013,28.43,28.75,28.24,28.55,7175543
GM,02/13/2013,28.75,28.87,28.44,28.67,9286309
GM,02/14/2013,28.74,29.36,27.67,27.75,19233280
GM,02/15/2013,27.59,27.92,27.22,27.76,12861242
GM,02/19/2013,27.69,27.8,27.46,27.68,7091449
GM,02/20/2013,27.81,27.81,27.05,27.1,7247184
GM,02/21/2013,27.02,27.04,26.33,26.51,13894227
GM,02/22/2013,26.4,27.12,26.31,27.11,9287457
GM,02/25/2013,27.11,27.17,26.33,26.33,11123563
GM,02/26/2013,26.65,26.85,26.19,26.83,13364434
GM,02/27/2013,26.8,27.58,26.72,27.4,13116387
GM,02/28/2013,27.5,27.57,26.89,27.15,10310570
GM,03/01/2013,26.83,27.49,26.75,27.21,9018734
GM,03/04/2013,27.14,27.29,26.99,27.09,6586922
GM,03/05/2013,27.22,27.79,27.19,27.58,9200332
GM,03/06/2013,27.76,27.96,27.62,27.91,9002871
GM,03/07/2013,27.86,28.14,27.79,27.88,9429820
GM,03/08/2013,27.91,28.19,27.89,28.0,5910492
GM,03/11/2013,27.95,28.39,27.55,28.31,19122048
GM,03/12/2013,28.26,28.64,28.09,28.37,10690688
GM,03/13/2013,28.38,28.38,28.0475,28.07,10287324
GM,03/14/2013,28.05,28.23,28.04,28.16,6441113
GM,03/15/2013,27.96,28.26,27.8,28.21,12115379
GM,03/18/2013,27.95,28.15,27.73,28.04,13759484
GM,03/19/2013,28.1,28.2,27.9,28.1,12749461
GM,03/20/2013,28.25,29.3,28.19,29.2,25484896
GM,03/21/2013,28.91,29.17,28.57,28.63,13451953
GM,03/22/2013,28.615,28.71,27.96,28.22,12673238
GM,03/25/2013,28.39,28.48,28.02,28.16,6670234
GM,03/26/2013,28.28,28.35,27.99,28.15,6876418
GM,03/27/2013,28.05,28.27,27.96,28.06,5444328
GM,03/28/2013,28.02,28.09,27.64,27.82,9330938
GM,04/01/2013,27.65,28.09,27.65,27.8,8838309
GM,04/02/2013,27.96,28.3,27.53,27.93,16188422
GM,04/03/2013,28.0,28.1,27.66,27.8,11199676
GM,04/04/2013,27.75,28.0,27.51,27.74,8572227
GM,04/05/2013,27.38,27.56,27.11,27.52,11792723
GM,04/08/2013,27.5,27.64,27.4,27.59,11572828
GM,04/09/2013,27.77,27.78,27.5,27.53,9682254
GM,04/10/2013,27.69,28.51,27.68,28.37,12928352
GM,04/11/2013,28.49,29.76,28.44,29.72,22305936
GM,04/12/2013,29.57,29.84,29.55,29.62,15619285
GM,04/15/2013,29.41,29.69,28.84,28.91,14080703
GM,04/16/2013,29.17,29.515,29.17,29.47,8007746
GM,04/17/2013,29.03,29.33,28.7709,29.27,10670469
GM,04/18/2013,29.25,29.38,28.75,28.98,11121391
GM,04/19/2013,29.1,29.26,28.905,29.15,7183648
GM,04/22/2013,29.2,29.34,28.85,29.25,6766934
GM,04/23/2013,29.34,29.92,29.28,29.85,8456832
GM,04/24/2013,29.91,30.8,29.86,30.45,21510896
GM,04/25/2013,30.06,30.78,30.0,30.71,14508422
GM,04/26/2013,30.79,30.8,30.03,30.5,13738734
GM,04/29/2013,30.62,30.895,30.415,30.79,6197871
GM,04/30/2013,30.77,30.97,30.57,30.84,8118395
GM,05/01/2013,30.77,31.08,30.11,30.18,10396250
GM,05/02/2013,31.305,31.82,31.05,31.16,19125888
GM,05/03/2013,31.74,32.44,31.63,32.1,12497840
GM,05/06/2013,32.02,32.225,31.78,31.82,8502645
GM,05/07/2013,31.92,32.13,31.46,31.65,11429742
GM,05/08/2013,31.41,32.19,31.09,32.08,9991621
GM,05/09/2013,32.01,32.16,31.62,31.65,10862828
GM,05/10/2013,31.55,31.7,30.97,31.42,12811340
GM,05/13/2013,31.16,31.35,30.865,31.0,8098074
GM,05/14/2013,31.02,31.7,31.01,31.55,10683395
GM,05/15/2013,31.55,32.4,31.51,32.31,15085957
GM,05/16/2013,32.09,32.67,32.0,32.39,10425266
GM,05/17/2013,32.99,33.77,32.81,33.42,20904048
GM,05/20/2013,33.37,34.01,33.36,33.7,15263559
GM,05/21/2013,33.59,33.96,32.88,33.4,13791766
GM,05/22/2013,33.22,33.93,32.99,33.23,13238391
GM,05/23/2013,32.33,33.11,32.1,32.85,10537246
GM,05/24/2013,32.55,33.0,32.51,32.87,5861203
GM,05/28/2013,34.0,34.3,33.75,33.96,16969648
GM,05/29/2013,33.71,34.3,33.45,34.05,10869281
GM,05/30/2013,34.04,34.91,33.87,34.64,15085254
GM,05/31/2013,34.53,34.78,33.89,33.89,10139602
GM,06/03/2013,34.57,34.69,33.38,34.42,17794528
GM,06/04/2013,35.4,35.49,34.75,34.96,30517536
GM,06/05/2013,35.0,35.07,34.0,34.02,22346160
GM,06/06/2013,34.12,34.53,33.78,34.44,79855008
GM,06/07/2013,34.79,35.1,34.0,35.03,30684368
GM,06/10/2013,35.18,35.24,34.52,34.74,15222613
GM,06/11/2013,34.37,34.4899,33.59,33.93,17025568
GM,06/12/2013,34.28,34.46,33.24,33.45,13643137
GM,06/13/2013,33.36,34.51,33.1,34.5,15614852
GM,06/14/2013,34.46,34.62,34.09,34.29,10090469
GM,06/17/2013,34.5,34.56,33.6,33.73,10195406
GM,06/18/2013,33.8,34.06,33.44,34.01,9926719
GM,06/19/2013,34.02,34.25,33.65,33.66,8429133
GM,06/20/2013,33.41,33.41,32.279,32.56,29112576
GM,06/21/2013,32.96,32.97,31.74,32.21,19000704
GM,06/24/2013,31.76,31.84,31.13,31.42,18972880
GM,06/25/2013,31.75,32.02,31.54,31.82,9268961
GM,06/26/2013,32.18,32.7,32.03,32.55,10375789
GM,06/27/2013,32.92,33.5,32.78,33.1,11004379
GM,06/28/2013,33.02,33.72,32.8,33.31,15817270
GM,07/01/2013,33.52,34.19,33.41,34.0,10311301
GM,07/02/2013,34.04,34.94,33.82,34.1,15172270
GM,07/03/2013,33.94,34.4,33.76,34.14,5715637
GM,07/05/2013,34.35,34.83,34.24,34.67,7107754
GM,07/08/2013,34.78,35.02,34.54,34.64,11235207
GM,07/09/2013,34.9,35.25,34.72,34.92,7243285
GM,07/10/2013,34.9,35.34,34.84,35.33,11820586
GM,07/11/2013,35.72,36.2,35.64,36.14,13247414
GM,07/12/2013,36.09,36.58,35.91,36.4,10747027
GM,07/15/2013,36.6,36.72,36.28,36.5,8968887
GM,07/16/2013,36.87,36.94,35.76,36.18,16275863
GM,07/17/2013,36.23,36.56,36.081,36.36,10943320
GM,07/18/2013,36.5,36.99,36.33,36.84,10682148
GM,07/19/2013,36.89,36.89,36.06,36.61,11618063
GM,07/22/2013,36.62,36.99,36.48,36.76,11260668
GM,07/23/2013,36.89,36.95,36.52,36.61,9300223
GM,07/24/2013,37.105,37.45,36.87,37.14,15200520
GM,07/25/2013,37.47,37.71,36.51,37.08,18098608
GM,07/26/2013,36.93,37.0,36.46,36.67,15897648
GM,07/29/2013,36.57,36.67,36.15,36.38,8407926
GM,07/30/2013,36.53,36.785,36.32,36.5,12244684
GM,07/31/2013,36.62,36.72,35.67,35.87,20697472
GM,08/01/2013,36.39,36.86,36.01,36.47,16150164
GM,08/02/2013,36.44,37.18,36.34,36.95,11913043
GM,08/05/2013,37.03,37.05,36.645,36.75,7151504
GM,08/06/2013,36.44,36.49,35.96,35.96,13486180
GM,08/07/2013,36.01,36.1,35.43,35.48,19403584
GM,08/08/2013,35.61,36.11,35.57,36.01,14457688
GM,08/09/2013,35.96,36.27,35.7,36.02,7706723
GM,08/12/2013,35.76,36.1,35.6,35.98,8441859
GM,08/13/2013,36.21,36.21,35.59,35.84,7145953
GM,08/14/2013,35.84,36.0103,35.21,35.57,11341555
GM,08/15/2013,35.17,35.18,34.41,34.55,20384784
GM,08/16/2013,34.59,34.91,34.18,34.38,12499031
GM,08/19/2013,34.56,34.83,34.42,34.49,9211613
GM,08/20/2013,34.56,34.91,34.05,34.79,13766895
GM,08/21/2013,34.78,34.95,34.39,34.53,9798641
GM,08/22/2013,34.66,35.05,34.65,34.99,9572188
GM,08/23/2013,35.14,35.22,34.86,35.06,7487039
GM,08/26/2013,35.03,35.52,34.85,34.92,10831746
GM,08/27/2013,34.44,34.609,33.62,33.69,11906105
GM,08/28/2013,33.57,34.16,33.5,33.92,9116449
GM,08/29/2013,33.82,34.69,33.81,34.45,10558313
GM,08/30/2013,34.5,34.5399,33.9,34.08,8099719
GM,09/03/2013,34.68,34.77,33.96,34.14,10912254
GM,09/04/2013,34.2,35.9,34.17,35.85,23040736
GM,09/05/2013,36.01,36.79,35.87,36.33,18635824
GM,09/06/2013,36.4,36.615,35.61,36.15,14245152
GM,09/09/2013,36.34,36.7,36.25,36.48,13515477
GM,09/10/2013,36.94,37.27,36.715,37.0,10626973
GM,09/11/2013,36.53,36.6,36.02,36.35,27028480
GM,09/12/2013,36.37,36.56,35.88,36.37,15745180
GM,09/13/2013,36.49,36.55,35.99,36.06,12643031
GM,09/16/2013,36.47,36.62,36.15,36.22,14820641
GM,09/17/2013,36.32,36.98,36.32,36.71,12992266
GM,09/18/2013,36.76,37.73,36.71,37.58,21446368
GM,09/19/2013,37.84,37.88,37.16,37.23,16824416
GM,09/20/2013,37.64,37.68,36.83,36.83,35724928
GM,09/23/2013,37.15,37.5,36.55,37.13,18487376
GM,09/24/2013,37.16,37.97,37.06,37.44,23723712
GM,09/25/2013,37.53,37.78,37.16,37.18,15115863
GM,09/26/2013,37.19,37.35,36.76,36.95,14030773
GM,09/27/2013,36.77,36.9,36.16,36.37,14249680
GM,09/30/2013,35.71,36.315,35.62,35.97,17724448
GM,10/01/2013,36.04,36.41,35.32,35.91,21890704
GM,10/02/2013,35.74,36.0,35.23,35.94,19460416
GM,10/03/2013,35.76,35.94,35.134,35.29,15001152
GM,10/04/2013,35.44,35.795,35.13,35.7,13811141
GM,10/07/2013,35.23,35.52,35.02,35.18,12181023
GM,10/08/2013,35.25,35.27,34.17,34.21,23658352
GM,10/09/2013,34.33,34.39,33.92,34.16,21109888
GM,10/10/2013,34.74,34.89,34.61,34.85,18041920
GM,10/11/2013,34.79,35.52,34.66,35.35,15406656
GM,10/14/2013,34.83,35.445,34.81,35.33,11193410
GM,10/15/2013,35.28,35.38,34.51,34.7,13708430
GM,10/16/2013,35.02,35.21,34.78,35.13,15529563
GM,10/17/2013,35.16,35.79,34.96,35.66,12602906
GM,10/18/2013,36.21,36.3,35.68,35.89,14638469
GM,10/21/2013,36.26,36.265,35.34,35.5,13451684
GM,10/22/2013,35.62,36.13,35.37,35.41,17013424
GM,10/23/2013,35.38,35.39,34.53,35.05,17307600
GM,10/24/2013,35.49,36.0278,35.1,35.63,19286976
GM,10/25/2013,35.67,35.77,35.32,35.59,12849145
GM,10/28/2013,35.44,35.97,35.43,35.8,12985146
GM,10/29/2013,35.82,36.18,35.505,36.06,24055037
GM,10/30/2013,37.2,37.55,36.78,37.23,42130010
GM,10/31/2013,37.18,37.99,36.95,36.95,28106726
GM,11/01/2013,37.17,38.21,37.05,37.39,30765422
GM,11/04/2013,37.5,37.8,37.41,37.47,18005295
GM,11/05/2013,37.28,37.51,37.07,37.09,15198041
GM,11/06/2013,37.24,37.4,36.57,36.59,16166017
GM,11/07/2013,36.61,36.75,35.91,35.92,19893826
GM,11/08/2013,36.15,36.77,36.01,36.66,18203136
GM,11/11/2013,36.68,37.09,36.5,36.68,13666468
GM,11/12/2013,36.67,36.8,36.37,36.66,14363833
GM,11/13/2013,36.5,38.525,36.48,38.44,43860192
GM,11/14/2013,38.7,38.8,38.15,38.5,28495111
GM,11/15/2013,38.51,39.075,38.2,38.77,21699113
GM,11/18/2013,38.81,39.18,38.53,38.57,16792403
GM,11/19/2013,38.57,38.735,37.89,38.01,19843069
GM,11/20/2013,38.11,38.71,37.6,37.69,16898679
GM,11/21/2013,38.85,39.0,38.04,38.12,33903893
GM,11/22/2013,38.2,38.5,37.58,37.63,26780451
GM,11/25/2013,37.75,37.865,37.39,37.55,21111360
GM,11/26/2013,37.7,37.94,37.4,37.67,22798634
GM,11/27/2013,37.71,38.99,37.6,38.85,27415786
GM,11/29/2013,38.9,39.15,38.5,38.73,7672093
GM,12/02/2013,39.1,39.3901,38.91,39.11,21200559
GM,12/03/2013,38.89,39.09,37.68,38.14,44843977
GM,12/04/2013,38.53,39.62,38.12,38.71,39730069
GM,12/05/2013,38.99,39.34,38.55,39.09,34590433
GM,12/06/2013,39.99,40.38,39.6,40.17,37909514
GM,12/09/2013,40.38,41.165,40.31,40.9,29291072
GM,12/10/2013,40.55,41.13,40.395,40.4,32542344
GM,12/11/2013,40.76,40.83,40.07,40.16,16384847
GM,12/12/2013,40.1,40.61,40.01,40.05,18900523
GM,12/13/2013,40.19,40.35,40.02,40.04,14885877
GM,12/16/2013,40.56,41.55,40.46,41.44,33583213
GM,12/17/2013,41.66,41.85,41.135,41.53,28297456
GM,12/18/2013,41.17,41.4,39.86,41.27,51850685
GM,12/19/2013,41.14,41.27,40.08,40.3,25215488
GM,12/20/2013,40.48,41.05,40.18,40.99,49656971
GM,12/23/2013,40.9,41.58,40.61,41.29,20370038
GM,12/24/2013,41.25,41.31,40.83,40.88,7605320
GM,12/26/2013,41.04,41.85,41.04,41.52,11169500
GM,12/27/2013,41.31,41.44,40.86,40.94,10052743
GM,12/30/2013,41.0,41.134,40.65,40.69,8737741
GM,12/31/2013,40.7,41.04,40.58,40.87,11102142
GM,01/02/2014,40.68,41.0599,40.34,40.95,14764415
GM,01/03/2014,40.92,40.95,39.0,39.57,41430487
GM,01/06/2014,39.9,40.585,39.64,40.4,25066845
GM,01/07/2014,40.7,40.94,40.1,40.2,14157364
GM,01/08/2014,40.33,40.835,40.2,40.42,11344528
GM,01/09/2014,40.88,40.94,40.28,40.49,9792633
GM,01/10/2014,40.6,40.68,39.84,40.03,14605635
GM,01/13/2014,40.16,40.64,39.44,39.58,20995498
GM,01/14/2014,39.77,40.16,39.57,40.02,17565955
GM,01/15/2014,39.63,39.77,38.96,39.38,89213832
GM,01/16/2014,39.305,39.55,38.76,39.0,36095485
GM,01/17/2014,39.07,39.1,38.33,38.6,28012924
GM,01/21/2014,38.89,39.0,37.9,38.34,30790088
GM,01/22/2014,38.4,38.82,38.12,38.8,16904726
GM,01/23/2014,38.34,38.5,37.91,38.42,20559316
GM,01/24/2014,38.07,38.11,36.7,36.83,39671978
GM,01/27/2014,36.8,37.28,36.06,36.76,33922905
GM,01/28/2014,37.16,37.2,36.72,36.81,15932874
GM,01/29/2014,36.06,36.9558,36.01,36.35,17526021
GM,01/30/2014,36.88,37.07,36.48,36.84,15484212
GM,01/31/2014,36.22,36.84,35.88,36.08,27212019
GM,02/03/2014,36.27,36.31,34.91,35.25,38983893
GM,02/04/2014,35.47,35.975,35.25,35.82,20950002
GM,02/05/2014,35.84,35.84,34.96,35.24,29456137
GM,02/06/2014,34.43,35.82,34.36,35.23,53696324
GM,02/07/2014,35.97,36.465,35.42,36.11,31334321
GM,02/10/2014,35.91,35.92,34.62,34.9,43300443
GM,02/11/2014,35.22,35.735,35.19,35.25,23789033
GM,02/12/2014,35.49,35.65,35.13,35.56,23314571
GM,02/13/2014,35.17,35.22,34.76,35.2,30512706
GM,02/14/2014,35.37,36.08,35.25,35.95,22850052
GM,02/18/2014,36.43,36.49,36.0,36.31,24557168
GM,02/19/2014,36.22,36.715,36.0,36.03,23070864
GM,02/20/2014,36.19,36.6,36.0,36.51,18651132
GM,02/21/2014,36.68,36.75,36.14,36.69,51726927
GM,02/24/2014,36.7,36.815,36.44,36.55,22112794
GM,02/25/2014,36.67,36.8,35.995,36.1,22524431
GM,02/26/2014,35.95,37.13,35.94,36.83,26664315
GM,02/27/2014,36.56,36.85,35.97,36.77,28752156
GM,02/28/2014,36.73,36.76,35.89,36.2,44350702
GM,03/03/2014,35.7,36.59,35.7,36.21,24014745
GM,03/04/2014,36.53,36.99,36.43,36.93,17934335
GM,03/05/2014,37.54,38.05,37.334,37.52,28500737
GM,03/06/2014,37.87,38.05,37.54,37.54,19116622
GM,03/07/2014,37.94,38.01,37.45,37.69,17560314
GM,03/10/2014,37.56,37.56,36.76,37.09,17557528
GM,03/11/2014,37.0,37.12,35.02,35.18,41090952
GM,03/12/2014,34.76,35.25,34.37,34.86,46333475
GM,03/13/2014,35.04,35.16,33.87,34.09,39628553
GM,03/14/2014,33.85,34.56,33.573,34.09,31908641
GM,03/17/2014,34.14,34.69,33.71,34.63,29702056
GM,03/18/2014,34.68,35.24,34.5,35.17,21329665
GM,03/19/2014,35.28,35.3255,34.6,34.91,14690931
GM,03/20/2014,34.79,35.27,34.4,35.26,14456078
GM,03/21/2014,35.39,35.5,34.775,35.01,24016569
GM,03/24/2014,34.69,35.17,34.28,35.14,21461500
GM,03/25/2014,35.13,35.18,34.19,34.51,24817566
GM,03/26/2014,34.68,34.74,34.2,34.22,16999795
GM,03/27/2014,34.28,34.99,34.11,34.51,16382930
GM,03/28/2014,34.64,35.02,34.56,34.73,19175444
GM,03/31/2014,34.53,34.79,33.95,34.42,24292580
GM,04/01/2014,34.5,35.14,34.32,34.34,46569829
GM,04/02/2014,34.65,35.05,34.38,34.88,41863868
GM,04/03/2014,34.94,35.5,34.73,35.44,20578652
GM,04/04/2014,35.58,35.7,34.65,34.81,20368865
GM,04/07/2014,34.67,34.73,33.82,34.11,24348132
GM,04/08/2014,34.15,34.6,33.85,34.53,20615564
GM,04/09/2014,33.9,34.24,33.6,33.62,33165365
GM,04/10/2014,33.71,34.06,33.3,33.3,34304923
GM,04/11/2014,33.0,33.09,31.7,31.93,45765198
GM,04/14/2014,32.29,32.88,32.15,32.55,18759667
GM,04/15/2014,32.81,33.44,32.29,33.36,23450944
GM,04/16/2014,33.69,33.99,33.32,33.97,18140840
GM,04/17/2014,33.83,34.09,33.8,33.98,12351182
GM,04/21/2014,33.95,34.21,33.75,33.98,9909362
GM,04/22/2014,34.03,34.44,34.0,34.23,12291646
GM,04/23/2014,34.29,34.61,34.102,34.39,16065667
GM,04/24/2014,35.5,35.7,33.52,34.17,33352352
GM,04/25/2014,33.55,34.08,33.55,33.72,16032786
GM,04/28/2014,33.93,33.94,33.515,33.76,20175895
GM,04/29/2014,33.7,34.1,33.624,33.99,12088525
GM,04/30/2014,33.84,34.54,33.84,34.48,14037765
GM,05/01/2014,34.67,35.4,34.54,34.9,19572572
GM,05/02/2014,35.03,35.33,34.86,34.97,11397359
GM,05/05/2014,34.84,34.89,34.63,34.75,8449087
GM,05/06/2014,35.07,35.14,34.75,34.75,10114725
GM,05/07/2014,34.96,35.11,34.61,35.07,9271172
GM,05/08/2014,34.98,35.43,34.73,34.85,10252162
GM,05/09/2014,34.8,34.9,34.15,34.23,16803486
GM,05/12/2014,34.38,34.94,34.38,34.82,9499126
GM,05/13/2014,34.84,35.19,34.6007,35.15,9048317
GM,05/14/2014,35.1,35.11,34.8,34.94,10505305
GM,05/15/2014,34.61,34.75,33.83,34.36,18088577
GM,05/16/2014,33.75,34.65,33.49,34.0,21487112
GM,05/19/2014,33.84,34.35,33.8,34.25,9006134
GM,05/20/2014,34.16,34.3,32.96,33.07,24894237
GM,05/21/2014,33.15,33.62,33.1,33.46,12392960
GM,05/22/2014,33.39,33.7,33.31,33.42,8428152
GM,05/23/2014,33.49,33.685,33.41,33.63,8268324
GM,05/27/2014,33.92,33.98,33.77,33.94,8995120
GM,05/28/2014,34.09,34.62,33.96,34.59,12575767
GM,05/29/2014,34.6,34.65,34.25,34.45,10881537
GM,05/30/2014,34.3,34.64,34.2,34.58,14171639
GM,06/02/2014,34.54,34.9,34.29,34.86,11556876
GM,06/03/2014,35.12,35.69,34.75,35.26,17795876
GM,06/04/2014,35.5,36.88,35.35,36.52,33252199
GM,06/05/2014,36.96,37.04,36.16,36.27,25094529
GM,06/06/2014,36.07,36.75,35.75,36.55,17642794
GM,06/09/2014,36.47,36.83,36.34,36.5,10279710
GM,06/10/2014,36.28,36.7,36.18,36.4,8460743
GM,06/11/2014,36.23,36.29,35.92,36.12,8868088
GM,06/12/2014,36.0,36.278,35.49,35.52,16818453
GM,06/13/2014,35.38,35.78,35.38,35.63,12047101
GM,06/16/2014,35.49,36.18,35.49,36.06,12603728
GM,06/17/2014,35.87,36.38,35.62,36.36,13211606
GM,06/18/2014,36.36,36.47,35.93,36.3,16352008
GM,06/19/2014,36.35,36.64,36.2,36.37,11277822
GM,06/20/2014,36.55,36.58,36.1,36.22,14018678
GM,06/23/2014,36.21,36.8,36.19,36.67,11590338
GM,06/24/2014,36.62,37.07,36.47,36.58,15032861
GM,06/25/2014,36.46,37.18,36.45,37.09,12201264
GM,06/26/2014,36.89,36.97,36.41,36.9,11471585
GM,06/27/2014,36.73,37.03,36.62,36.62,25428859
GM,06/30/2014,36.59,36.9,35.98,36.3,20880231
GM,07/01/2014,36.25,37.64,36.25,37.59,23414138
GM,07/02/2014,37.5,38.15,37.37,37.74,17672217
GM,07/03/2014,37.96,38.1099,37.72,37.74,6743734
GM,07/07/2014,37.91,37.91,37.17,37.44,11129925
GM,07/08/2014,37.41,37.77,37.2,37.58,11786950
GM,07/09/2014,37.66,38.13,37.63,37.97,11676257
GM,07/10/2014,37.48,37.9,37.35,37.75,9898910
GM,07/11/2014,37.72,38.01,37.59,37.95,6203437
GM,07/14/2014,38.1,38.13,37.56,37.7,9315528
GM,07/15/2014,37.61,37.95,37.435,37.58,8619649
GM,07/16/2014,37.77,37.91,37.46,37.48,10954203
GM,07/17/2014,37.31,37.67,37.01,37.1,11014655
GM,07/18/2014,37.34,37.42,37.06,37.41,8741972
GM,07/21/2014,37.38,37.53,37.05,37.43,6633186
GM,07/22/2014,37.56,37.9,37.53,37.76,9655788
GM,07/23/2014,37.79,37.92,37.41,37.41,13865052
GM,07/24/2014,36.67,36.85,35.315,35.74,35694105
GM,07/25/2014,35.1,35.29,34.555,35.07,28537314
GM,07/28/2014,35.03,35.09,34.78,34.9,15053589
GM,07/29/2014,35.01,35.2,34.43,34.45,16560140
GM,07/30/2014,34.5,34.66,34.01,34.31,18941748
GM,07/31/2014,34.15,34.24,33.78,33.82,13410713
GM,08/01/2014,33.79,34.0,33.3,33.44,15343820
GM,08/04/2014,33.76,34.021,33.5,33.61,11486331
GM,08/05/2014,33.57,33.805,33.15,33.36,11012536
GM,08/06/2014,33.23,33.67,33.23,33.4,8715359
GM,08/07/2014,33.56,33.63,32.8,33.11,13526688
GM,08/08/2014,33.09,33.56,33.09,33.53,9935602
GM,08/11/2014,33.64,33.85,33.41,33.8,10873706
GM,08/12/2014,33.75,34.14,33.551,33.7,10304995
GM,08/13/2014,33.93,34.07,33.78,33.95,7156084
GM,08/14/2014,33.81,33.955,33.215,33.95,9956803
GM,08/15/2014,34.05,34.16,33.51,33.84,14153502
GM,08/18/2014,34.09,34.44,34.04,34.4,10327204
GM,08/19/2014,34.69,34.75,34.33,34.57,10422924
GM,08/20/2014,34.49,34.72,34.3,34.53,9112524
GM,08/21/2014,34.62,34.73,34.46,34.6,6591929
GM,08/22/2014,34.51,34.52,34.155,34.24,8665715
GM,08/25/2014,34.43,34.74,34.31,34.67,9546350
GM,08/26/2014,34.76,35.0,34.63,34.85,7535007
GM,08/27/2014,34.92,34.93,34.58,34.71,7118030
GM,08/28/2014,34.49,34.75,34.22,34.68,5971613
GM,08/29/2014,34.74,34.85,34.61,34.8,5558114
GM,09/02/2014,34.88,35.14,34.62,34.8,7825129
GM,09/03/2014,35.06,35.12,34.46,34.47,11626398
GM,09/04/2014,34.49,34.92,34.44,34.63,9566331
GM,09/05/2014,34.59,34.61,34.23,34.58,13671830
GM,09/08/2014,34.03,34.15,33.15,33.24,22120618
GM,09/09/2014,33.2,33.3,33.01,33.07,11861015
GM,09/10/2014,33.12,33.34,33.0589,33.29,10470992
GM,09/11/2014,33.16,33.695,33.15,33.61,10189065
GM,09/12/2014,33.48,33.6,33.105,33.27,11077878
GM,09/15/2014,33.16,33.8,33.15,33.63,12509935
GM,09/16/2014,33.49,33.95,33.45,33.71,11082986
GM,09/17/2014,33.72,34.14,33.67,33.85,10300998
GM,09/18/2014,33.93,34.22,33.93,34.03,8930996
GM,09/19/2014,34.23,34.24,33.77,33.94,14521399
GM,09/22/2014,33.74,33.84,33.085,33.44,11179986
GM,09/23/2014,33.24,33.58,33.14,33.22,8731869
GM,09/24/2014,33.33,33.68,33.02,33.65,10665413
GM,09/25/2014,33.57,33.65,32.83,32.87,12309199
GM,09/26/2014,33.04,33.305,32.935,33.17,9417602
GM,09/29/2014,32.97,33.16,31.98,32.22,19710870
GM,09/30/2014,32.24,32.54,31.67,31.94,24790809
GM,10/01/2014,31.97,33.03,31.71,32.49,31138729
GM,10/02/2014,32.53,33.4,32.49,33.18,20794624
GM,10/03/2014,33.43,33.9,33.25,33.76,16981348
GM,10/06/2014,33.84,34.24,33.37,33.75,9095761
GM,10/07/2014,33.04,33.04,31.65,31.77,25661347
GM,10/08/2014,31.84,32.22,30.79,32.18,28308540
GM,10/09/2014,32.09,32.13,30.81,31.03,23098842
GM,10/10/2014,30.28,30.94,30.09,30.29,20495982
GM,10/13/2014,30.29,30.62,29.725,29.79,17725053
GM,10/14/2014,29.9,30.38,29.85,30.11,14495984
GM,10/15/2014,29.67,30.26,28.82,29.69,29623288
GM,10/16/2014,29.13,30.15,29.09,29.94,18226156
GM,10/17/2014,30.38,30.97,30.165,30.24,18339875
GM,10/20/2014,30.22,30.52,30.02,30.34,11700578
GM,10/21/2014,30.5,31.07,30.32,30.84,12576775
GM,10/22/2014,30.61,31.505,30.57,31.31,17845781
GM,10/23/2014,31.95,31.99,30.81,30.93,25443605
GM,10/24/2014,31.04,31.28,29.98,30.04,30313847
GM,10/27/2014,30.15,30.49,29.82,30.08,12790154
GM,10/28/2014,30.39,31.22,30.135,31.17,26071317
GM,10/29/2014,31.2,31.33,30.35,30.72,11638334
GM,10/30/2014,30.57,31.03,30.45,30.78,10074099
GM,10/31/2014,31.15,31.62,30.95,31.4,15538961
GM,11/03/2014,31.35,31.46,30.79,31.18,9859119
GM,11/04/2014,31.04,31.31,30.68,30.82,12058309
GM,11/05/2014,31.15,31.18,30.56,30.73,11109560
GM,11/06/2014,30.7,31.46,30.65,31.37,12729496
GM,11/07/2014,31.31,31.74,31.24,31.59,10070917
GM,11/10/2014,31.33,31.5,30.82,31.12,10297832
GM,11/11/2014,31.04,31.4,31.0,31.35,7537758
GM,11/12/2014,31.3,31.545,31.11,31.42,7456062
GM,11/13/2014,31.51,31.9,31.465,31.65,8353857
GM,11/14/2014,31.65,32.01,31.48,31.79,8498746
GM,11/17/2014,32.0,32.49,31.9,32.31,11900544
GM,11/18/2014,32.41,32.49,31.87,32.27,9766095
GM,11/19/2014,32.21,32.31,31.94,32.15,8290065
GM,11/20/2014,31.96,32.2579,31.8,32.13,8052949
GM,11/21/2014,32.54,32.55,31.965,32.13,8567175
GM,11/24/2014,32.25,32.35,31.77,32.19,13313540
GM,11/25/2014,32.25,32.38,31.97,32.23,9269267
GM,11/26/2014,32.27,32.3,31.945,32.07,7414462
GM,11/28/2014,32.4,33.54,32.23,33.43,14039802
GM,12/01/2014,33.31,33.47,32.86,32.94,14391915
GM,12/02/2014,33.05,33.62,32.99,33.26,14824785
GM,12/03/2014,33.37,33.78,33.35,33.64,11648462
GM,12/04/2014,33.66,33.67,33.0366,33.09,11686711
GM,12/05/2014,33.23,34.09,33.17,33.93,17730772
GM,12/08/2014,33.52,33.56,32.61,32.68,16125780
GM,12/09/2014,32.28,32.87,32.17,32.81,11147140
GM,12/10/2014,32.72,32.85,31.87,31.97,11583515
GM,12/11/2014,32.14,32.69,31.99,32.19,13282592
GM,12/12/2014,31.94,32.155,31.57,31.57,11239143
GM,12/15/2014,31.7,31.77,30.98,31.0,16084045
GM,12/16/2014,30.62,31.055,30.3,30.73,24294005
GM,12/17/2014,30.81,31.295,30.64,31.15,13281787
GM,12/18/2014,31.64,31.75,31.17,31.75,14112031
GM,12/19/2014,31.76,32.93,31.75,32.81,18990938
GM,12/22/2014,32.63,33.31,32.62,33.23,13243664
GM,12/23/2014,33.48,33.7,33.38,33.56,8469548
GM,12/24/2014,33.53,33.59,33.24,33.43,4496025
GM,12/26/2014,33.55,33.85,33.45,33.73,6673242
GM,12/29/2014,33.87,34.83,33.79,34.6,16654311
GM,12/30/2014,34.56,35.2,34.41,35.09,14966877
GM,12/31/2014,35.24,35.45,34.89,34.91,12279685
GM,01/02/2015,35.27,35.31,34.41,34.84,9756706
GM,01/05/2015,34.98,35.25,34.07,34.33,16223019
GM,01/06/2015,34.41,35.22,34.095,34.85,17747573
GM,01/07/2015,35.23,35.95,35.04,35.84,19319169
GM,01/08/2015,36.06,36.45,35.8,36.2,15206551
GM,01/09/2015,36.21,36.37,35.41,35.59,14690589
GM,01/12/2015,35.81,35.94,35.47,35.84,10656713
GM,01/13/2015,36.08,36.4,34.68,35.25,21893453
GM,01/14/2015,34.36,34.57,33.59,34.3,27901338
GM,01/15/2015,34.78,34.87,33.38,33.43,19437427
GM,01/16/2015,33.31,33.79,33.27,33.68,17780004
GM,01/20/2015,33.9,34.01,33.3501,33.93,12052466
GM,01/21/2015,33.82,34.12,33.52,33.89,14349944
GM,01/22/2015,34.15,34.18,33.31,33.82,14261091
GM,01/23/2015,33.9,34.18,33.71,33.75,13990222
GM,01/26/2015,33.71,34.04,33.6,33.7,10824806
GM,01/27/2015,33.4,33.69,33.15,33.42,14793333
GM,01/28/2015,33.51,33.5701,32.75,32.84,16936184
GM,01/29/2015,32.91,33.34,32.36,33.16,15819211
GM,01/30/2015,32.88,33.15,32.62,32.62,19166536
GM,02/02/2015,32.67,33.15,32.44,33.11,18396981
GM,02/03/2015,33.5,34.2,33.44,33.98,26206992
GM,02/04/2015,35.27,35.98,34.15,35.83,49298111
GM,02/05/2015,36.28,36.6,36.01,36.25,20854860
GM,02/06/2015,36.26,36.54,35.92,36.0,16320448
GM,02/09/2015,35.79,36.1,35.51,36.0,14797519
GM,02/10/2015,37.28,37.55,36.4,37.52,32369377
GM,02/11/2015,37.51,37.86,37.28,37.67,22633984
GM,02/12/2015,37.85,38.18,37.73,38.02,15537409
GM,02/13/2015,37.93,38.07,37.35,37.62,14696328
GM,02/17/2015,37.2,37.465,37.05,37.24,13147128
GM,02/18/2015,37.25,37.475,37.131,37.19,8513289
GM,02/19/2015,37.03,37.61,36.98,37.51,11780752
GM,02/20/2015,37.49,37.72,37.16,37.65,9345203
GM,02/23/2015,37.62,37.77,37.335,37.69,10970972
GM,02/24/2015,37.62,37.91,37.58,37.75,8562371
GM,02/25/2015,37.79,37.96,37.61,37.86,11161472
GM,02/26/2015,37.81,38.13,37.511,37.56,10708173
GM,02/27/2015,37.38,37.45,37.11,37.31,10490184
GM,03/02/2015,37.41,37.71,37.36,37.61,11234205
GM,03/03/2015,37.38,37.81,37.3,37.8,10036013
GM,03/04/2015,37.63,37.8,37.3,37.57,12736383
GM,03/05/2015,37.64,37.82,37.56,37.61,6620673
GM,03/06/2015,37.46,37.55,36.73,36.84,13764204
GM,03/09/2015,37.55,37.81,37.32,37.66,22979347
GM,03/10/2015,37.43,37.78,37.15,37.55,20314007
GM,03/11/2015,37.6,38.13,37.52,37.78,13191640
GM,03/12/2015,37.86,38.47,37.84,38.43,13985996
GM,03/13/2015,38.39,38.39,37.73,38.05,11404195
GM,03/16/2015,38.27,38.6,38.21,38.58,11218995
GM,03/17/2015,38.15,38.47,38.06,38.29,9702673
GM,03/18/2015,38.17,38.6,37.78,38.5,19015621
GM,03/19/2015,38.45,38.78,38.29,38.65,11255677
GM,03/20/2015,38.76,38.93,38.55,38.87,19769673
GM,03/23/2015,38.81,38.995,38.59,38.59,11656895
GM,03/24/2015,38.52,38.52,37.75,37.85,15855925
GM,03/25/2015,37.88,37.91,37.37,37.38,10209799
GM,03/26/2015,37.7,37.91,37.15,37.35,13814459
GM,03/27/2015,37.34,37.48,37.08,37.31,9237616
GM,03/30/2015,37.58,37.87,37.53,37.68,9980316
GM,03/31/2015,37.68,38.04,37.465,37.5,12633373
GM,04/01/2015,37.27,37.37,36.56,36.74,16631209
GM,04/02/2015,36.61,36.73,36.33,36.5,16517696
GM,04/06/2015,36.26,36.97,36.21,36.66,13178964
GM,04/07/2015,35.99,36.09,35.64,35.73,56224010
GM,04/08/2015,35.89,36.19,35.75,36.11,27460319
GM,04/09/2015,36.1,36.39,36.03,36.29,15475319
GM,04/10/2015,36.74,36.78,36.37,36.57,16768879
GM,04/13/2015,36.63,36.86,36.385,36.4,13530698
GM,04/14/2015,36.46,36.82,36.44,36.48,12989688
GM,04/15/2015,36.82,37.08,36.65,36.94,13734922
GM,04/16/2015,37.13,37.18,36.74,37.08,12225840
GM,04/17/2015,36.83,36.85,36.5,36.64,14375154
GM,04/20/2015,36.95,37.17,36.75,37.11,13880809
GM,04/21/2015,37.33,37.45,36.825,37.16,17130529
GM,04/22/2015,37.13,37.22,36.67,37.16,16025077
GM,04/23/2015,36.25,36.3,35.58,35.92,41820353
GM,04/24/2015,35.72,35.81,35.44,35.59,21252471
GM,04/27/2015,35.65,35.95,35.56,35.78,15497419
GM,04/28/2015,35.75,35.96,35.17,35.72,14857492
GM,04/29/2015,35.5,35.7,35.245,35.51,11907293
GM,04/30/2015,35.26,35.43,34.93,35.06,15784462
GM,05/01/2015,35.17,35.47,34.81,35.42,15307418
GM,05/04/2015,35.5,35.72,35.4,35.4,12020149
GM,05/05/2015,35.4,35.52,34.99,35.01,11068061
GM,05/06/2015,35.14,35.23,34.55,34.77,13076231
GM,05/07/2015,34.64,35.03,34.55,34.88,14033685
GM,05/08/2015,35.05,35.46,35.03,35.32,12787003
GM,05/11/2015,35.3,35.59,35.17,35.22,8833144
GM,05/12/2015,34.96,34.96,34.51,34.74,14049298
GM,05/13/2015,34.78,34.97,34.71,34.8,9197485
GM,05/14/2015,35.0,35.04,34.53,34.65,12645342
GM,05/15/2015,34.7,34.98,34.7,34.91,9778760
GM,05/18/2015,34.97,35.205,34.85,35.05,10285676
GM,05/19/2015,35.17,35.24,34.96,35.12,9856696
GM,05/20/2015,35.24,35.3,34.66,35.02,12926284
GM,05/21/2015,35.0,35.66,35.0,35.58,16015976
GM,05/22/2015,35.52,35.74,35.42,35.7,9648182
GM,05/26/2015,35.45,35.6,35.43,35.52,12566344
GM,05/27/2015,35.52,35.81,35.43,35.81,10058319
GM,05/28/2015,36.11,36.48,35.97,36.39,18063918
GM,05/29/2015,36.49,36.575,35.85,35.97,15806269
GM,06/01/2015,36.06,36.34,35.65,36.18,12012462
GM,06/02/2015,36.09,36.5,35.97,36.22,16948315
GM,06/03/2015,36.37,36.4227,35.87,35.94,12817148
GM,06/04/2015,35.66,35.87,35.47,35.54,10538543
GM,06/05/2015,35.5,35.55,34.96,35.12,24629237
GM,06/08/2015,34.86,35.12,34.8,34.99,15636138
GM,06/09/2015,35.11,35.32,35.0,35.26,12900991
GM,06/10/2015,35.45,35.62,35.29,35.59,11402184
GM,06/11/2015,35.72,36.01,35.55,35.55,16819022
GM,06/12/2015,35.38,35.9,35.38,35.71,11170195
GM,06/15/2015,35.35,35.73,35.01,35.46,14015996
GM,06/16/2015,35.36,35.7766,35.165,35.61,6639180
GM,06/17/2015,35.68,35.81,35.285,35.81,10286618
GM,06/18/2015,35.87,36.48,35.85,36.2,15490867
GM,06/19/2015,36.12,36.33,35.95,36.11,14831298
GM,06/22/2015,36.29,36.5399,36.13,36.19,13783010
GM,06/23/2015,36.37,36.48,36.27,36.3,7279864
GM,06/24/2015,35.91,35.97,35.11,35.16,16929980
GM,06/25/2015,35.21,35.32,34.57,34.7,14593147
GM,06/26/2015,34.7,34.82,34.28,34.38,11632835
GM,06/29/2015,34.12,34.17,33.2,33.23,18717724
GM,06/30/2015,33.5,33.57,33.06,33.33,12911835
GM,07/01/2015,33.61,33.61,32.679,33.04,16169466
GM,07/02/2015,33.19,33.45,33.06,33.23,8646353
GM,07/06/2015,32.85,33.115,32.61,32.65,10433065
GM,07/07/2015,32.62,32.95,32.01,32.86,18589264
GM,07/08/2015,32.39,32.41,30.94,31.19,29971354
GM,07/09/2015,31.62,31.75,30.92,31.01,16934186
GM,07/10/2015,31.3,31.42,30.99,31.4,12237837
GM,07/13/2015,31.87,31.9,31.46,31.68,16327095
GM,07/14/2015,31.59,31.99,31.43,31.77,10832907
GM,07/15/2015,31.85,31.9,31.3,31.43,18021954
GM,07/16/2015,31.14,31.2,30.31,30.61,35920701
GM,07/17/2015,30.64,30.8,30.43,30.65,16230161
GM,07/20/2015,30.85,30.85,30.42,30.5,15643919
GM,07/21/2015,30.51,30.56,30.315,30.39,23472070
GM,07/22/2015,30.33,30.52,29.885,30.3,20867839
GM,07/23/2015,32.66,32.7,31.4,31.5,38967572
GM,07/24/2015,31.9,31.94,30.82,31.06,22967563
GM,07/27/2015,30.95,31.32,30.6,31.05,23336099
GM,07/28/2015,31.49,31.64,31.22,31.32,23184413
GM,07/29/2015,31.48,32.06,31.43,31.95,20632721
GM,07/30/2015,31.89,32.05,31.75,31.91,10123323
GM,07/31/2015,32.08,32.13,31.43,31.51,12399288
GM,08/03/2015,31.79,31.89,31.31,31.68,14800618
GM,08/04/2015,31.66,31.765,31.39,31.52,15105905
GM,08/05/2015,31.77,31.77,31.2,31.6,14403562
GM,08/06/2015,31.59,31.93,31.14,31.86,19567910
GM,08/07/2015,32.09,32.14,31.6,31.74,12959962
GM,08/10/2015,31.95,32.25,31.86,31.94,11676370
GM,08/11/2015,31.29,31.31,30.59,30.83,24340252
GM,08/12/2015,30.43,31.0,29.79,30.87,23199214
GM,08/13/2015,30.87,31.25,30.81,31.06,20432418
GM,08/14/2015,31.14,31.55,31.06,31.49,12222383
GM,08/17/2015,31.47,31.68,31.17,31.61,12057857
GM,08/18/2015,31.41,31.77,31.34,31.71,9279790
GM,08/19/2015,31.61,32.05,31.37,31.63,13919072
GM,08/20/2015,31.46,31.46,30.83,30.84,13352528
GM,08/21/2015,30.46,30.53,29.57,29.6,27542241
GM,08/24/2015,27.3,28.9,24.62,27.8,35740445
GM,08/25/2015,29.2,29.2,27.28,27.28,19966220
GM,08/26/2015,27.62,28.2,26.9,28.1,27717284
GM,08/27/2015,28.52,28.82,28.02,28.58,28498937
GM,08/28/2015,28.6,29.14,28.5303,29.0,15167282
GM,08/31/2015,29.09,29.685,29.02,29.44,16283903
GM,09/01/2015,29.18,29.37,28.4,28.64,16687443
GM,09/02/2015,29.01,29.22,28.615,29.21,10776310
GM,09/03/2015,29.38,29.71,29.02,29.11,11504177
GM,09/04/2015,28.78,29.04,28.57,28.88,13435323
GM,09/08/2015,29.5,29.94,29.5,29.88,19298906
GM,09/09/2015,30.2,30.4,29.52,29.62,16053641
GM,09/10/2015,29.19,30.465,29.19,30.0,18671984
GM,09/11/2015,30.01,30.2,29.575,30.15,15344690
GM,09/14/2015,30.11,30.77,30.06,30.72,20148928
GM,09/15/2015,30.77,31.55,30.765,30.99,22400699
GM,09/16/2015,31.08,31.57,30.92,31.2,17076644
GM,09/17/2015,31.25,31.81,31.13,31.31,16644558
GM,09/18/2015,30.98,31.12,30.465,30.51,31085678
GM,09/21/2015,30.67,30.955,30.38,30.62,14325611
GM,09/22/2015,29.42,30.06,29.41,30.03,17190217
GM,09/23/2015,30.01,30.14,29.585,29.72,11277103
GM,09/24/2015,29.41,29.51,28.765,29.44,19687564
GM,09/25/2015,29.79,29.84,29.23,29.41,13369419
GM,09/28/2015,29.29,29.32,28.44,28.56,15648949
GM,09/29/2015,28.66,29.29,28.38,29.15,17043675
GM,09/30/2015,29.62,30.1,29.375,30.02,18931872
GM,10/01/2015,30.29,30.75,29.98,30.67,18261874
GM,10/02/2015,30.2,31.76,30.16,31.73,16596611
GM,10/05/2015,31.9,32.16,31.52,31.76,15407473
GM,10/06/2015,31.81,32.38,31.81,32.22,14214878
GM,10/07/2015,32.45,33.19,32.41,33.05,15761035
GM,10/08/2015,32.95,33.505,32.86,33.43,12909802
GM,10/09/2015,33.34,33.63,32.79,32.95,14169091
GM,10/12/2015,33.04,33.16,32.6237,33.02,10766373
GM,10/13/2015,32.85,33.365,32.71,33.13,11789280
GM,10/14/2015,33.2,33.5,32.92,33.33,11974025
GM,10/15/2015,33.55,33.66,33.16,33.32,10844287
GM,10/16/2015,33.37,33.46,32.88,33.15,9445809
GM,10/19/2015,33.0,33.29,32.8,33.24,10084557
GM,10/20/2015,33.18,33.885,33.08,33.48,11848337
GM,10/21/2015,34.96,35.87,34.72,35.42,37243555
GM,10/22/2015,35.64,35.79,34.97,35.42,22708138
GM,10/23/2015,35.54,36.055,35.41,35.95,18277810
GM,10/26/2015,35.9,35.94,35.26,35.67,14010782
GM,10/27/2015,35.39,35.49,34.74,34.97,15536048
GM,10/28/2015,34.99,35.3,34.65,35.22,9668647
GM,10/29/2015,35.04,35.05,34.11,34.75,12087595
GM,10/30/2015,34.85,35.2,34.46,34.91,10723880
GM,11/02/2015,34.88,35.75,34.86,35.57,11858442
GM,11/03/2015,35.53,35.99,35.36,35.78,15144876
GM,11/04/2015,35.83,35.92,35.38,35.42,12716625
GM,11/05/2015,35.53,35.56,35.19,35.44,7679749
GM,11/06/2015,35.32,35.8,35.26,35.75,9376920
GM,11/09/2015,35.98,36.12,35.44,35.67,9997563
GM,11/10/2015,35.54,35.63,35.16,35.62,9687165
GM,11/11/2015,35.74,36.01,35.52,35.55,6751848
GM,11/12/2015,35.34,35.4836,35.02,35.09,10650903
GM,11/13/2015,34.97,35.17,34.185,34.31,12090637
GM,11/16/2015,34.31,35.22,34.29,35.17,14599137
GM,11/17/2015,35.24,35.59,35.01,35.21,11748220
GM,11/18/2015,35.4,36.48,35.3,36.46,14866315
GM,11/19/2015,36.43,36.47,36.07,36.14,9760791
GM,11/20/2015,36.31,36.425,36.01,36.34,10793241
GM,11/23/2015,36.39,36.865,36.06,36.08,9849298
GM,11/24/2015,35.76,36.33,35.69,36.22,10346858
GM,11/25/2015,36.15,36.42,36.11,36.34,7292811
GM,11/27/2015,36.36,36.49,36.22,36.37,2899286
GM,11/30/2015,36.6,36.88,36.19,36.2,13959440
GM,12/01/2015,35.95,36.34,35.8,36.26,12656421
GM,12/02/2015,36.31,36.36,35.62,35.73,9715093
GM,12/03/2015,35.83,36.0,35.23,35.47,10795824
GM,12/04/2015,35.6,36.34,35.37,36.25,11562608
GM,12/07/2015,36.46,36.52,35.995,36.13,11303523
GM,12/08/2015,35.83,35.87,35.23,35.48,11905410
GM,12/09/2015,35.3,35.7,34.86,35.45,11691971
GM,12/10/2015,35.25,35.89,35.18,35.63,8827017
GM,12/11/2015,35.14,35.41,34.27,34.55,16271223
GM,12/14/2015,34.78,34.8401,34.05,34.39,13793061
GM,12/15/2015,34.75,34.96,34.3,34.54,13874284
GM,12/16/2015,34.35,35.17,34.25,35.14,14771628
GM,12/17/2015,35.15,35.27,34.065,34.11,14448386
GM,12/18/2015,33.96,34.06,33.54,33.67,19469523
GM,12/21/2015,33.79,34.06,33.59,33.83,12819957
GM,12/22/2015,34.21,34.49,34.07,34.29,9202919
GM,12/23/2015,34.51,34.94,34.38,34.78,8816663
GM,12/24/2015,34.72,34.75,34.5,34.6,3134813
GM,12/28/2015,34.53,34.675,34.3,34.51,5348620
GM,12/29/2015,34.66,34.69,34.165,34.5,7056413
GM,12/30/2015,34.32,34.555,34.28,34.33,4694546
GM,12/31/2015,34.21,34.3,34.0,34.01,6585989
GM,01/04/2016,33.45,33.54,32.84,33.31,14875501
GM,01/05/2016,33.33,33.41,32.18,32.43,19777228
GM,01/06/2016,31.95,31.98,31.01,31.27,27515240
GM,01/07/2016,30.26,30.82,29.825,29.99,21046302
GM,01/08/2016,30.46,30.7,29.42,29.53,16447961
GM,01/11/2016,30.37,30.48,29.68,30.25,16877360
GM,01/12/2016,30.63,30.745,29.8,30.3,13398935
GM,01/13/2016,31.83,31.9,30.09,30.49,31586233
GM,01/14/2016,30.81,30.89,29.45,30.3,27106701
GM,01/15/2016,29.46,29.68,28.8,29.57,26698065
GM,01/19/2016,29.93,30.0,28.91,29.4,17826616
GM,01/20/2016,28.86,29.9,28.32,29.42,21481016
GM,01/21/2016,29.46,30.135,29.07,29.55,15844027
GM,01/22/2016,30.16,30.29,29.03,29.28,18302779
GM,01/25/2016,29.33,29.59,29.015,29.23,33627693
GM,01/26/2016,29.41,29.75,29.04,29.65,11656659
GM,01/27/2016,29.72,29.9,29.0,29.21,12932288
GM,01/28/2016,29.47,29.48,28.4,29.02,16421233
GM,01/29/2016,29.17,29.64,29.02,29.64,13445773
GM,02/01/2016,29.46,30.24,29.1,30.11,13831720
GM,02/02/2016,29.99,30.19,28.87,29.65,23777366
GM,02/03/2016,30.1,30.25,28.18,28.92,29069803
GM,02/04/2016,28.94,29.21,28.1,28.64,21002766
GM,02/05/2016,28.67,29.2,28.415,28.54,14125220
GM,02/08/2016,28.28,28.839,28.05,28.68,19173955
GM,02/09/2016,28.13,28.87,27.77,27.87,21654057
GM,02/10/2016,28.12,28.64,27.69,27.71,15163799
GM,02/11/2016,27.48,28.09,26.69,26.9,25164380
GM,02/12/2016,27.23,27.74,27.05,27.71,11041024
GM,02/16/2016,28.0,28.59,27.76,28.58,14627535
GM,02/17/2016,28.86,29.35,28.7,29.27,13256130
GM,02/18/2016,29.45,29.546,28.915,29.03,12158635
GM,02/19/2016,28.88,28.98,28.38,28.78,12362341
GM,02/22/2016,29.18,29.64,29.03,29.63,12215478
GM,02/23/2016,29.41,29.82,29.28,29.38,9949641
GM,02/24/2016,28.72,28.9,27.81,28.84,20989095
GM,02/25/2016,28.83,29.51,28.55,29.5,11904323
GM,02/26/2016,29.73,29.96,29.535,29.63,15778315
GM,02/29/2016,29.37,29.8,29.29,29.44,10329427
GM,03/01/2016,30.02,30.23,28.92,30.01,21007310
GM,03/02/2016,30.0,30.32,29.84,30.15,12094732
GM,03/03/2016,30.26,31.22,30.2,31.07,18341316
GM,03/04/2016,31.22,31.74,31.06,31.37,13963228
GM,03/07/2016,31.31,31.78,31.19,31.59,11373830
GM,03/08/2016,31.4,31.4001,30.46,30.68,16794429
GM,03/09/2016,30.47,30.63,30.2,30.54,12158851
GM,03/10/2016,30.72,30.88,30.27,30.82,15092689
GM,03/11/2016,31.05,31.33,30.98,31.26,13363019
GM,03/14/2016,31.18,31.39,30.9,31.18,9353056
GM,03/15/2016,30.86,31.08,30.44,31.05,8983477
GM,03/16/2016,30.83,31.76,30.83,31.69,9991902
GM,03/17/2016,31.73,32.1,31.636,31.96,11295914
GM,03/18/2016,32.08,32.38,31.91,31.96,15431567
GM,03/21/2016,32.11,32.19,31.75,32.08,7397292
GM,03/22/2016,32.08,32.21,31.76,31.9,8195586
GM,03/23/2016,31.92,31.93,31.17,31.31,9107054
GM,03/24/2016,30.88,30.97,30.39,30.96,12041022
GM,03/28/2016,31.13,31.25,30.94,31.02,6109393
GM,03/29/2016,31.04,31.28,30.58,31.19,13667755
GM,03/30/2016,31.44,31.67,30.955,30.99,13377601
GM,03/31/2016,31.01,31.59,31.0,31.43,10208996
GM,04/01/2016,31.18,31.2,30.32,30.47,17421708
GM,04/04/2016,30.4,30.48,29.75,29.9,12167270
GM,04/05/2016,29.67,29.73,29.35,29.6,9101919
GM,04/06/2016,29.66,29.95,29.3,29.94,9620285
GM,04/07/2016,29.85,29.95,29.18,29.42,12865593
GM,04/08/2016,29.67,29.76,29.23,29.37,8843531
GM,04/11/2016,29.49,30.04,29.48,29.53,8882928
GM,04/12/2016,29.56,29.77,29.27,29.71,11214545
GM,04/13/2016,30.01,30.87,29.94,30.78,11076770
GM,04/14/2016,30.84,31.05,30.64,30.72,8218786
GM,04/15/2016,30.68,30.85,30.405,30.56,8261223
GM,04/18/2016,30.76,31.37,30.61,31.31,15745315
GM,04/19/2016,31.65,32.16,31.6102,31.97,14408291
GM,04/20/2016,32.0,32.41,32.0,32.19,12911513
GM,04/21/2016,33.18,33.41,32.47,32.66,22792264
GM,04/22/2016,32.66,32.79,32.12,32.18,13824457
GM,04/25/2016,32.09,32.11,31.6,31.95,10604845
GM,04/26/2016,32.0,32.3,31.93,32.19,8701195
GM,04/27/2016,32.18,32.29,31.99,32.16,6711411
GM,04/28/2016,31.97,32.73,31.73,32.44,13443216
GM,04/29/2016,32.35,32.35,31.52,31.8,12532963
GM,05/02/2016,32.05,32.12,31.7262,31.75,9794022
GM,05/03/2016,31.57,31.6,30.665,31.25,15046269
GM,05/04/2016,31.0,31.085,30.42,30.59,13712655
GM,05/05/2016,30.79,30.81,30.3,30.54,10383803
GM,05/06/2016,30.73,31.11,30.56,30.96,11427853
GM,05/09/2016,31.0,31.07,30.54,30.78,8127225
GM,05/10/2016,30.9,31.365,30.84,31.35,9185370
GM,05/11/2016,31.32,31.46,31.0,31.08,8538075
GM,05/12/2016,31.2,31.37,30.75,31.18,9411511
GM,05/13/2016,30.87,31.285,30.37,30.52,10563361
GM,05/16/2016,30.5,30.98,30.5,30.67,17749489
GM,05/17/2016,30.4,30.775,30.28,30.63,9542881
GM,05/18/2016,30.56,31.04,30.4362,30.75,8454169
GM,05/19/2016,30.51,30.68,30.17,30.32,10142160
GM,05/20/2016,30.51,30.79,30.4,30.57,7736113
GM,05/23/2016,30.5,30.63,30.345,30.59,6698932
GM,05/24/2016,30.65,31.08,30.62,31.05,8743126
GM,05/25/2016,31.19,31.77,31.12,31.65,10152219
GM,05/26/2016,31.65,31.75,31.18,31.29,6747691
GM,05/27/2016,31.31,31.64,31.26,31.39,6089756
GM,05/31/2016,31.54,31.62,31.13,31.28,11803407
GM,06/01/2016,31.15,31.15,29.87,30.22,26002285
GM,06/02/2016,30.13,30.46,30.05,30.26,12649256
GM,06/03/2016,30.09,30.15,29.51,29.6,18549620
GM,06/06/2016,29.85,30.04,29.72,29.99,10985800
GM,06/07/2016,30.16,30.38,29.95,30.23,14425689
GM,06/08/2016,30.0,30.03,29.52,29.57,12990855
GM,06/09/2016,29.48,29.5,29.155,29.36,11907469
GM,06/10/2016,29.22,29.34,28.98,29.06,10740357
GM,06/13/2016,28.85,29.4,28.8,29.08,13871284
GM,06/14/2016,29.07,29.31,28.65,28.83,10751685
GM,06/15/2016,28.98,29.22,28.79,28.86,8479890
GM,06/16/2016,28.67,29.07,28.5,29.02,9654396
GM,06/17/2016,29.14,29.43,29.06,29.23,12707391
GM,06/20/2016,29.62,30.03,29.59,29.65,12329065
GM,06/21/2016,29.64,29.77,29.43,29.51,10318009
GM,06/22/2016,29.34,29.59,29.27,29.32,8717169
GM,06/23/2016,29.59,29.85,29.55,29.82,9598108
GM,06/24/2016,28.58,29.04,28.25,28.35,30181107
GM,06/27/2016,28.09,28.1,27.34,27.51,18645156
GM,06/28/2016,27.93,27.98,27.4,27.74,14061357
GM,06/29/2016,28.0,28.2,27.6,28.17,10644071
GM,06/30/2016,28.18,29.66,27.7,28.3,15360601
GM,07/01/2016,28.69,28.98,28.36,28.89,15157864
GM,07/05/2016,28.64,28.68,28.04,28.17,12178185
GM,07/06/2016,28.0,28.41,27.52,28.4,14631429
GM,07/07/2016,28.49,29.055,28.42,28.74,10842314
GM,07/08/2016,29.27,29.87,29.27,29.66,16659407
GM,07/11/2016,29.79,30.27,29.74,30.13,13870321
GM,07/12/2016,30.45,30.85,30.39,30.6,16789455
GM,07/13/2016,30.63,30.69,30.22,30.63,13303647
GM,07/14/2016,30.88,31.05,30.6,30.76,11306401
GM,07/15/2016,30.82,30.98,30.57,30.77,8429465
GM,07/18/2016,30.75,31.1,30.61,30.87,8732327
GM,07/19/2016,30.7,31.27,30.7,31.25,17164085
GM,07/20/2016,31.42,31.58,31.07,31.49,20923034
GM,07/21/2016,32.56,32.87,31.83,32.03,36306348
GM,07/22/2016,32.1,32.24,31.72,32.16,13305449
GM,07/25/2016,32.19,32.36,31.96,32.06,11324935
GM,07/26/2016,31.98,32.22,31.89,32.15,9462036
GM,07/27/2016,32.18,32.29,31.97,32.02,9159541
GM,07/28/2016,31.05,31.2,30.65,30.99,20363869
GM,07/29/2016,30.79,31.55,30.78,31.54,16150459
GM,08/01/2016,31.54,31.62,31.2,31.3,11190647
GM,08/02/2016,31.03,31.08,29.82,29.93,24346905
GM,08/03/2016,30.0,30.25,29.91,30.24,14504178
GM,08/04/2016,30.24,30.53,30.23,30.34,8660875
GM,08/05/2016,30.51,30.89,30.5,30.8,13135880
GM,08/08/2016,30.92,31.06,30.8,30.88,10470883
GM,08/09/2016,30.91,31.25,30.83,31.07,13691127
GM,08/10/2016,31.03,31.27,30.96,31.25,10833721
GM,08/11/2016,31.43,31.79,31.36,31.75,13210802
GM,08/12/2016,31.6,31.75,31.5499,31.57,9843686
GM,08/15/2016,31.59,31.89,31.55,31.86,9345275
GM,08/16/2016,31.81,31.85,31.61,31.71,9888486
GM,08/17/2016,31.71,31.88,31.55,31.85,8392391
GM,08/18/2016,31.8,31.86,31.48,31.55,14089870
GM,08/19/2016,31.48,31.89,31.4,31.83,8809747
GM,08/22/2016,31.79,31.95,31.7,31.87,8306765
GM,08/23/2016,31.97,32.05,31.87,31.9,10961104
GM,08/24/2016,31.84,32.09,31.76,31.78,8179481
GM,08/25/2016,31.71,31.75,31.355,31.54,15930799
GM,08/26/2016,31.67,31.8235,31.42,31.53,10436238
GM,08/29/2016,31.78,31.96,31.57,31.81,7708255
GM,08/30/2016,31.67,32.0,31.23,31.67,10748741
GM,08/31/2016,31.67,31.94,31.65,31.92,9625559
GM,09/01/2016,31.86,32.55,31.34,31.8,14898781
GM,09/02/2016,31.88,32.2,31.85,32.16,10828387
GM,09/06/2016,32.25,32.34,31.85,32.12,16774837
GM,09/07/2016,31.99,31.99,31.62,31.89,12554723
GM,09/08/2016,31.85,32.0,31.68,31.71,11808229
GM,09/09/2016,31.44,31.5575,30.37,30.48,22476319
GM,09/12/2016,30.36,31.35,30.13,31.18,17250264
GM,09/13/2016,31.02,31.15,30.82,30.94,16162854
GM,09/14/2016,30.79,30.87,30.49,30.71,12903230
GM,09/15/2016,30.75,31.23,30.74,31.12,13469771
GM,09/16/2016,31.13,31.13,30.605,30.97,12780811
GM,09/19/2016,31.9,32.08,31.66,31.72,32234806
GM,09/20/2016,31.91,31.94,31.33,31.65,12876202
GM,09/21/2016,31.72,32.16,31.72,32.11,14468725
GM,09/22/2016,32.27,32.47,32.27,32.39,12033957
GM,09/23/2016,32.1,32.37,32.05,32.12,9812127
GM,09/26/2016,32.02,32.12,31.75,31.8,12700900
GM,09/27/2016,31.77,31.96,31.54,31.6,14465340
GM,09/28/2016,31.75,31.94,31.54,31.9,10713565
GM,09/29/2016,31.77,31.96,31.45,31.48,8821201
GM,09/30/2016,31.63,31.95,31.575,31.77,9330018
GM,10/03/2016,31.64,32.245,31.61,32.04,11375863
GM,10/04/2016,32.08,32.47,32.04,32.17,8506157
GM,10/05/2016,32.31,32.78,32.23,32.68,11093547
GM,10/06/2016,32.54,32.64,32.21,32.53,8611216
GM,10/07/2016,32.5,32.6,32.05,32.34,8909389
GM,10/10/2016,32.31,32.6,32.115,32.15,6094808
GM,10/11/2016,32.23,32.28,31.6915,31.89,7977527
GM,10/12/2016,31.9,31.99,31.65,31.68,5597571
GM,10/13/2016,31.48,31.63,30.88,31.51,12103388
GM,10/14/2016,31.76,31.99,31.675,31.87,11105611
GM,10/17/2016,31.84,32.06,31.53,31.56,7476141
GM,10/18/2016,31.83,31.88,31.19,31.4,7973320
GM,10/19/2016,31.54,31.98,31.48,31.85,9158569
GM,10/20/2016,31.78,31.86,31.39,31.75,8077594
GM,10/21/2016,31.58,32.17,31.48,32.04,11975706
GM,10/24/2016,32.18,33.08,32.15,32.98,20232309
GM,10/25/2016,32.85,32.85,31.39,31.6,34069794
GM,10/26/2016,31.22,31.74,31.12,31.58,14955768
GM,10/27/2016,31.75,31.78,31.19,31.33,20653609
GM,10/28/2016,31.33,31.76,31.22,31.32,10571629
GM,10/31/2016,31.42,31.65,31.35,31.6,7954138
GM,11/01/2016,31.7,32.08,31.19,31.48,14668318
GM,11/02/2016,31.33,31.72,31.31,31.45,11763111
GM,11/03/2016,31.45,31.64,30.95,31.07,13720095
GM,11/04/2016,31.0,31.54,30.94,31.16,12770824
GM,11/07/2016,31.58,32.145,31.54,32.02,13560207
GM,11/08/2016,31.9,31.97,31.41,31.73,10364579
GM,11/09/2016,30.91,31.15,30.21,30.96,38594380
GM,11/10/2016,30.93,32.83,30.91,32.73,27811866
GM,11/11/2016,32.49,34.285,32.38,34.02,33042692
GM,11/14/2016,33.9,34.42,33.05,33.28,20214731
GM,11/15/2016,33.3,33.605,33.1,33.43,10906572
GM,11/16/2016,33.36,33.36,33.07,33.23,8821326
GM,11/17/2016,32.97,33.44,32.75,33.42,11728642
GM,11/18/2016,33.4,33.42,32.96,33.0,8617196
GM,11/21/2016,33.23,33.28,32.975,33.01,11667139
GM,11/22/2016,32.82,33.82,32.77,33.81,12283808
GM,11/23/2016,33.74,33.99,33.69,33.86,8710143
GM,11/25/2016,34.0,34.315,33.93,34.25,5317746
GM,11/28/2016,34.35,34.38,33.96,34.05,11516644
GM,11/29/2016,34.03,34.58,33.86,34.57,12610022
GM,11/30/2016,34.7,34.98,34.45,34.53,15681697
GM,12/01/2016,34.81,36.66,34.79,36.43,37092255
GM,12/02/2016,36.25,36.3,35.3,35.41,22753352
GM,12/05/2016,35.35,35.46,34.91,34.94,12440397
GM,12/06/2016,35.09,35.16,34.91,35.07,11867840
GM,12/07/2016,35.18,36.54,35.09,36.3,26622378
GM,12/08/2016,36.19,36.46,36.04,36.42,14516035
GM,12/09/2016,36.41,37.68,36.41,37.66,26434231
GM,12/12/2016,37.51,37.74,37.01,37.1,15575165
GM,12/13/2016,37.15,37.44,36.95,37.36,9228758
GM,12/14/2016,36.3,36.78,35.93,35.95,19798953
GM,12/15/2016,35.87,36.39,35.78,36.24,18215586
GM,12/16/2016,36.4,36.41,36.1,36.37,23751554
GM,12/19/2016,36.49,36.73,36.15,36.4,10960811
GM,12/20/2016,36.4,36.73,36.23,36.61,8795938
GM,12/21/2016,36.5,36.69,36.355,36.42,6669726
GM,12/22/2016,36.29,36.4,35.63,35.69,9911676
GM,12/23/2016,35.83,35.87,35.54,35.69,9351152
GM,12/27/2016,35.8,35.93,35.5,35.54,6008707
GM,12/28/2016,35.74,35.8,35.13,35.15,8451852
GM,12/29/2016,35.25,35.48,35.12,35.14,4416668
GM,12/30/2016,35.21,35.31,34.67,34.84,7646079
GM,01/03/2017,34.98,35.57,34.84,35.15,10904891
GM,01/04/2017,35.6,37.235,35.47,37.09,23388513
GM,01/05/2017,37.01,37.05,36.065,36.39,15636720
GM,01/06/2017,36.41,36.545,35.93,35.99,13240094
GM,01/09/2017,36.12,36.535,35.86,36.01,15204536
GM,01/10/2017,36.19,38.16,36.05,37.35,34804533
GM,01/11/2017,37.54,38.11,37.22,37.95,19553925
GM,01/12/2017,38.0,38.15,37.06,37.51,16830151
GM,01/13/2017,37.55,37.77,37.15,37.34,8748845
GM,01/17/2017,37.34,37.69,37.165,37.31,8225744
GM,01/18/2017,37.45,37.58,37.12,37.47,11220136
GM,01/19/2017,37.63,37.84,37.16,37.3,8262742
GM,01/20/2017,37.42,37.42,36.76,37.01,14001523
GM,01/23/2017,37.01,37.13,36.38,36.65,11624497
GM,01/24/2017,36.7,37.24,36.68,37.0,11600322
GM,01/25/2017,37.71,38.375,37.6,38.28,20745169
GM,01/26/2017,38.1,38.25,37.37,37.52,10813354
GM,01/27/2017,37.52,37.59,36.88,37.01,10228614
GM,01/30/2017,36.84,36.9,36.13,36.33,11787704
GM,01/31/2017,36.25,36.65,36.12,36.61,10679036
GM,02/01/2017,36.68,37.11,35.86,36.14,13744086
GM,02/02/2017,36.08,36.14,35.47,35.73,11893731
GM,02/03/2017,35.92,36.33,35.68,36.33,13962154
GM,02/06/2017,36.41,36.83,36.26,36.83,13941162
GM,02/07/2017,35.75,35.96,34.8,35.1,39477710
GM,02/08/2017,35.2,35.33,34.72,35.14,16867294
GM,02/09/2017,35.28,35.4,35.02,35.08,14833963
GM,02/10/2017,35.21,35.32,35.08,35.17,10321844
GM,02/13/2017,35.38,35.54,35.18,35.52,10141588
GM,02/14/2017,36.72,37.4,36.67,37.24,31403336
GM,02/15/2017,36.95,37.11,36.6,37.08,15674368
GM,02/16/2017,37.11,37.16,36.82,37.03,9369429
GM,02/17/2017,36.79,37.9,36.41,37.22,15777399
GM,02/21/2017,37.6,38.1,37.42,37.81,14549153
GM,02/22/2017,37.89,38.105,37.795,37.84,9102733
GM,02/23/2017,37.94,38.07,37.19,37.25,13179198
GM,02/24/2017,36.87,37.19,36.57,36.9,13060100
GM,02/27/2017,36.92,37.36,36.86,37.27,10091775
GM,02/28/2017,37.15,37.22,36.55,36.84,10497772
GM,03/01/2017,37.2,37.75,37.18,37.43,10702571
GM,03/02/2017,37.37,38.1,37.25,37.76,14935084
GM,03/03/2017,37.76,38.37,37.58,38.23,19515749
GM,03/06/2017,37.98,38.55,37.2,37.91,20199145
GM,03/07/2017,37.76,37.84,37.3,37.52,17247480
GM,03/08/2017,37.11,37.6865,37.11,37.27,11377291
GM,03/09/2017,37.33,37.35,36.78,36.83,12703571
GM,03/10/2017,37.1,37.185,36.77,36.83,18653588
GM,03/13/2017,37.0,37.125,36.83,36.87,10120696
GM,03/14/2017,36.75,36.965,36.68,36.96,5924349
GM,03/15/2017,37.07,37.16,36.79,37.09,28089837
GM,03/16/2017,37.09,37.12,36.77,37.08,12598966
GM,03/17/2017,37.13,37.16,36.3,36.33,19603616
GM,03/20/2017,36.36,36.45,35.6,35.71,38504849
GM,03/21/2017,35.95,35.98,34.47,34.55,30798633
